;CO_TAZID,Index,TOTHH,TOTPOP,HHSIZE,ALLEMP,RETL,FOOD,MANU,WSLE,OFFI,GVED,HLTH,OTHR,FM_AGRI,FM_MING,FM_CONS,HBJ,SEC_HOME,CABIN,CONDO,HOTEL,AVGINCOME,Enrol_Elem,Enrol_Midl,Enrol_High,Sub_Area,CO_FIPS,CO_NAME,DISTLRG,DLRG_NAME,DISTMED,DMED_NAME,DISTSML,DSML_NAME,CITY_NAME
3001,1,56.4,165.4,2.93,152.5,23.1,15.2,25.1,4.7,0.2,27.6,1.1,3.0,45.4,0.0,3.7,3.3,3.0,0.0,0.0,0.0,42202,21,0,0,0,3,BOX ELDER,3,West Box Elder County,12,NA,6,NA,Snowville
3002,2,93.3,251.9,2.70,31.9,3.1,0.1,0.3,2.9,0.1,6.8,0.1,2.4,0.0,0.0,10.8,5.4,0.0,0.0,0.0,0.0,54204,0,0,0,0,3,BOX ELDER,3,West Box Elder County,12,NA,5,NA,Howell
3003,3,80.1,204.6,2.55,26.0,0.0,0.0,0.1,0.0,0.0,13.6,0.0,6.5,0.0,0.0,0.9,4.7,3.0,0.0,0.0,0.0,53540,0,0,0,0,3,BOX ELDER,2,East Box Elder County not WFRC,11,NA,7,NA,Portage
3004,4,139.2,430.1,3.09,86.9,1.3,11.0,0.7,7.2,0.7,7.0,0.2,2.6,0.0,29.8,18.3,8.1,0.0,0.0,0.0,0.0,53540,0,0,0,0,3,BOX ELDER,2,East Box Elder County not WFRC,11,NA,8,NA,Plymouth
3005,5,158.1,461.6,2.92,107.2,0.6,0.3,2.8,4.9,0.3,71.2,0.4,1.1,0.0,0.0,16.4,9.2,0.0,0.0,0.0,0.0,56865,360,0,0,0,3,BOX ELDER,2,East Box Elder County not WFRC,11,NA,8,NA,Fielding
3006,6,74.7,254.0,3.40,75.8,0.4,0.2,0.9,12.7,3.5,12.3,0.3,15.4,0.0,0.0,25.7,4.4,0.0,0.0,0.0,0.0,52913,0,0,0,0,3,BOX ELDER,2,East Box Elder County not WFRC,7,NA,9,NA,Garland
3007,7,122.8,356.1,2.90,136.8,0.0,1.0,0.0,0.0,0.0,98.0,0.0,0.0,0.0,0.0,30.4,7.2,0.0,0.0,0.0,0.0,52913,0,0,0,0,3,BOX ELDER,2,East Box Elder County not WFRC,7,NA,9,NA,Garland
3008,8,6.7,15.2,2.27,3.2,0.0,0.0,0.0,0.0,0.0,0.0,0.0,0.0,0.0,0.0,2.8,0.4,0.0,0.0,0.0,0.0,48829,0,0,0,0,3,BOX ELDER,2,East Box Elder County not WFRC,7,NA,11,NA,Garland
3009,9,17.3,52.4,3.04,19.1,0.5,0.3,1.3,9.8,0.2,0.6,0.3,0.9,0.0,0.0,4.2,1.0,0.0,0.0,0.0,0.0,48829,0,0,0,0,3,BOX ELDER,2,East Box Elder County not WFRC,7,NA,11,NA,Garland
3010,10,137.1,420.0,3.06,80.9,12.8,0.0,2.5,7.0,0.0,40.4,0.8,4.3,0.0,0.0,5.1,8.0,0.0,0.0,0.0,0.0,48829,704,0,0,0,3,BOX ELDER,2,East Box Elder County not WFRC,7,NA,11,NA,Garland
3011,11,108.5,318.8,2.94,43.0,0.3,0.2,3.3,0.3,0.1,0.4,0.2,4.8,0.0,0.0,27.1,6.3,0.0,0.0,0.0,0.0,48829,0,0,0,0,3,BOX ELDER,2,East Box Elder County not WFRC,7,NA,11,NA,Garland
3012,12,14.0,16.8,1.20,0.8,0.0,0.0,0.0,0.0,0.0,0.0,0.0,0.0,0.0,0.0,0.0,0.8,0.0,0.0,0.0,0.0,48829,0,0,0,0,3,BOX ELDER,2,East Box Elder County not WFRC,7,NA,11,NA,Garland
3013,13,15.8,57.0,3.61,1.8,0.0,0.0,0.0,0.0,0.0,0.0,0.0,0.0,0.0,0.0,0.9,0.9,0.0,0.0,0.0,0.0,48829,0,0,0,0,3,BOX ELDER,2,East Box Elder County not WFRC,7,NA,11,NA,Garland
3014,14,108.8,384.2,3.53,99.6,2.0,5.0,10.0,3.6,0.8,2.5,22.9,44.1,0.0,0.0,2.3,6.3,0.0,0.0,0.0,0.0,48829,0,0,50,0,3,BOX ELDER,2,East Box Elder County not WFRC,7,NA,11,NA,Garland
3015,15,196.5,628.9,3.20,41.7,1.4,4.2,2.4,4.6,0.2,0.6,13.8,0.8,0.0,0.0,2.3,11.5,0.0,0.0,0.0,0.0,48829,0,0,0,0,3,BOX ELDER,2,East Box Elder County not WFRC,7,NA,11,NA,Garland
3016,16,22.0,62.7,2.84,33.9,0.9,0.0,7.2,14.6,0.5,0.0,0.0,0.0,0.0,0.0,9.4,1.3,0.0,0.0,0.0,0.0,48829,0,0,0,0,3,BOX ELDER,2,East Box Elder County not WFRC,7,NA,11,NA,Garland
3017,17,133.0,442.5,3.33,85.3,2.3,0.7,26.8,8.3,0.6,1.7,0.9,4.4,0.0,0.0,31.8,7.8,0.0,0.0,0.0,0.0,53540,0,0,0,0,3,BOX ELDER,2,East Box Elder County not WFRC,7,NA,10,NA,Tremonton
3018,18,0.0,0.0,0.00,342.8,1.3,0.7,322.7,11.2,0.6,1.7,0.9,2.3,0.0,0.0,1.4,0.0,0.0,0.0,0.0,0.0,48829,0,0,0,0,3,BOX ELDER,2,East Box Elder County not WFRC,7,NA,11,NA,Tremonton
3019,19,0.0,0.0,0.00,999.3,541.1,0.0,411.0,30.8,0.0,0.0,5.6,10.8,0.0,0.0,0.0,0.0,0.0,0.0,0.0,0.0,48829,0,0,0,0,3,BOX ELDER,2,East Box Elder County not WFRC,7,NA,11,NA,Tremonton
3020,20,23.9,67.8,2.84,16.7,0.9,0.5,2.2,1.0,0.4,1.1,0.6,5.8,0.0,0.0,2.8,1.4,0.0,0.0,0.0,0.0,54181,0,0,0,0,3,BOX ELDER,2,East Box Elder County not WFRC,8,NA,16,NA,Tremonton
3021,21,223.6,717.7,3.21,221.2,22.3,57.0,11.9,14.9,2.0,5.9,3.2,40.4,0.0,0.0,50.6,13.0,0.0,0.0,0.0,0.0,44563,0,0,0,0,3,BOX ELDER,2,East Box Elder County not WFRC,7,NA,10,NA,Tremonton
3022,22,17.1,59.9,3.50,968.2,3.9,34.3,692.6,121.6,0.0,0.0,0.0,85.0,28.4,0.0,1.4,1.0,0.0,0.0,0.0,0.0,44563,0,0,0,0,3,BOX ELDER,2,East Box Elder County not WFRC,7,NA,10,NA,Tremonton
3023,23,77.6,217.0,2.80,238.5,12.2,3.8,4.4,71.3,0.7,2.2,47.3,70.0,0.0,0.0,22.0,4.5,0.0,0.0,0.0,0.0,44563,0,0,0,0,3,BOX ELDER,2,East Box Elder County not WFRC,7,NA,11,NA,Tremonton
3024,24,117.7,418.2,3.55,261.2,0.4,1.2,0.9,6.0,9.7,0.5,122.1,71.1,0.0,0.0,42.6,6.9,0.0,0.0,0.0,0.0,44563,0,0,0,0,3,BOX ELDER,2,East Box Elder County not WFRC,7,NA,11,NA,Tremonton
3025,25,181.8,487.2,2.68,116.8,0.0,0.0,0.1,0.1,0.0,99.4,0.8,0.1,0.0,0.0,5.6,10.6,0.0,0.0,0.0,0.0,60482,550,0,929,0,3,BOX ELDER,2,East Box Elder County not WFRC,7,NA,11,NA,Tremonton
3026,26,133.2,437.0,3.28,275.0,0.0,0.0,0.0,0.0,1.1,127.0,0.0,120.8,5.7,0.0,12.6,7.8,0.0,0.0,0.0,0.0,60482,388,132,201,0,3,BOX ELDER,2,East Box Elder County not WFRC,7,NA,11,NA,Tremonton
3027,27,14.0,46.4,3.32,87.3,7.3,10.6,13.7,17.5,1.5,4.4,2.4,6.1,0.0,0.0,22.9,0.8,0.0,0.0,0.0,0.0,46238,0,0,0,0,3,BOX ELDER,2,East Box Elder County not WFRC,7,NA,11,NA,Tremonton
3028,28,99.9,273.9,2.74,85.8,3.8,13.4,7.2,4.5,1.8,3.6,2.8,5.0,8.5,0.0,29.5,5.8,0.0,0.0,0.0,0.0,46238,0,0,0,0,3,BOX ELDER,2,East Box Elder County not WFRC,7,NA,11,NA,Tremonton
3029,29,395.0,1096.0,2.77,191.4,3.0,0.1,4.0,31.8,2.3,43.9,37.2,21.4,0.0,0.0,24.8,23.1,0.0,0.0,0.0,0.0,44563,0,686,0,0,3,BOX ELDER,2,East Box Elder County not WFRC,7,NA,11,NA,Tremonton
3030,30,277.3,787.8,2.84,428.7,64.5,35.6,2.5,1.4,107.6,1.4,12.8,177.8,0.0,0.0,8.9,16.2,0.0,0.0,0.0,0.0,28389,0,0,0,0,3,BOX ELDER,2,East Box Elder County not WFRC,7,NA,11,NA,Tremonton
3031,31,55.5,146.8,2.64,47.8,0.7,0.4,1.9,0.8,2.0,0.9,6.9,14.1,0.0,0.0,16.9,3.2,0.0,0.0,0.0,0.0,46238,0,0,0,0,3,BOX ELDER,2,East Box Elder County not WFRC,7,NA,11,NA,Tremonton
3032,32,28.2,90.7,3.22,15.8,0.0,0.0,0.0,0.0,0.0,0.0,0.0,0.0,14.2,0.0,0.0,1.6,0.0,0.0,0.0,0.0,54181,0,0,0,0,3,BOX ELDER,2,East Box Elder County not WFRC,8,NA,16,NA,Tremonton
3033,33,0.0,0.0,0.00,162.7,11.2,113.8,3.4,9.9,0.6,1.7,0.9,19.7,0.0,0.0,1.4,0.0,0.0,0.0,0.0,0.0,41750,0,0,0,0,3,BOX ELDER,2,East Box Elder County not WFRC,7,NA,10,NA,Tremonton
3034,34,22.9,73.9,3.23,203.9,46.8,3.8,18.0,36.7,3.6,9.0,4.9,61.2,0.0,0.0,18.7,1.3,0.0,0.0,0.0,0.0,41750,0,0,0,0,3,BOX ELDER,2,East Box Elder County not WFRC,7,NA,11,NA,Tremonton
3035,35,279.0,891.5,3.20,182.3,53.4,4.4,13.8,10.5,4.1,5.6,3.9,65.7,0.0,0.0,4.7,16.3,0.0,0.0,0.0,0.0,45413,0,0,0,0,3,BOX ELDER,2,East Box Elder County not WFRC,7,NA,11,NA,Tremonton
3036,36,198.7,523.6,2.63,817.0,231.0,66.6,2.5,57.4,2.3,267.2,29.8,148.7,0.0,0.0,0.0,11.6,0.0,0.0,0.0,0.0,38338,598,0,0,0,3,BOX ELDER,2,East Box Elder County not WFRC,7,NA,11,NA,Tremonton
3037,37,75.4,220.8,2.93,75.3,9.8,0.0,0.0,1.4,3.4,0.0,16.8,32.1,0.0,0.0,7.5,4.4,0.0,0.0,0.0,0.0,46238,0,0,0,0,3,BOX ELDER,2,East Box Elder County not WFRC,7,NA,11,NA,Tremonton
3038,38,34.2,107.7,3.15,25.4,0.0,0.0,0.0,0.0,0.0,0.0,0.0,0.0,0.0,0.0,23.4,2.0,0.0,0.0,0.0,0.0,46238,0,0,0,0,3,BOX ELDER,2,East Box Elder County not WFRC,7,NA,11,NA,Tremonton
3039,39,39.8,121.2,3.04,61.9,6.0,6.5,2.8,1.2,0.5,1.4,0.7,14.8,0.0,0.0,25.7,2.3,0.0,0.0,0.0,0.0,46238,0,0,0,0,3,BOX ELDER,2,East Box Elder County not WFRC,7,NA,11,NA,Tremonton
3040,40,407.0,1333.9,3.28,83.0,0.0,0.0,0.0,2.8,0.0,41.9,1.6,12.9,0.0,0.0,0.0,23.8,0.0,0.0,0.0,0.0,41750,0,0,0,0,3,BOX ELDER,2,East Box Elder County not WFRC,7,NA,11,NA,Tremonton
3041,41,97.8,313.2,3.20,48.8,4.2,1.2,5.7,6.6,1.0,2.8,1.5,10.3,0.0,0.0,9.8,5.7,0.0,0.0,0.0,0.0,45413,0,0,0,0,3,BOX ELDER,2,East Box Elder County not WFRC,7,NA,11,NA,Tremonton
3042,42,19.2,29.9,1.56,80.8,2.1,1.1,7.9,6.5,0.9,13.4,1.5,3.7,0.0,0.0,42.6,1.1,0.0,0.0,0.0,0.0,41750,0,0,0,0,3,BOX ELDER,2,East Box Elder County not WFRC,7,NA,11,NA,Tremonton
3043,43,27.6,87.1,3.16,2.1,0.0,0.0,0.0,0.0,0.0,0.0,0.0,0.0,0.0,0.0,0.5,1.6,0.0,0.0,0.0,0.0,54181,0,0,0,0,3,BOX ELDER,2,East Box Elder County not WFRC,8,NA,16,NA,Tremonton
3044,44,19.7,65.5,3.32,222.8,21.9,8.6,44.6,17.7,6.8,20.4,11.1,62.4,0.0,0.0,28.1,1.2,0.0,0.0,0.0,0.0,63578,0,0,0,0,3,BOX ELDER,2,East Box Elder County not WFRC,8,NA,17,NA,Tremonton
3045,45,3.6,5.6,1.56,4.8,2.0,0.0,0.1,1.4,0.0,0.1,0.0,0.1,0.0,0.0,0.9,0.2,0.0,0.0,0.0,0.0,46238,0,0,0,0,3,BOX ELDER,2,East Box Elder County not WFRC,7,NA,11,NA,Elwood
3046,46,8.9,20.1,2.24,1.9,0.0,0.0,0.0,0.0,0.0,0.0,0.0,0.0,0.0,0.0,1.4,0.5,0.0,0.0,0.0,0.0,46238,0,0,0,0,3,BOX ELDER,2,East Box Elder County not WFRC,7,NA,11,NA,Elwood
3047,47,8.2,24.4,2.98,2.4,0.0,0.0,0.0,0.0,0.0,0.0,0.0,0.0,0.0,0.0,1.9,0.5,0.0,0.0,0.0,0.0,46238,0,0,0,0,3,BOX ELDER,2,East Box Elder County not WFRC,7,NA,11,NA,Elwood
3048,48,8.3,30.6,3.67,2.8,0.0,0.0,0.0,0.0,0.0,0.0,0.0,0.0,0.0,0.0,2.3,0.5,0.0,0.0,0.0,0.0,46238,0,0,0,0,3,BOX ELDER,2,East Box Elder County not WFRC,6,NA,12,NA,Elwood
3049,49,39.4,115.3,2.93,61.6,2.4,31.4,1.1,0.5,0.2,0.6,0.3,3.0,14.2,0.0,5.6,2.3,0.0,0.0,0.0,0.0,46238,0,0,0,0,3,BOX ELDER,2,East Box Elder County not WFRC,6,NA,12,NA,Elwood
3050,50,14.0,43.3,3.09,7.1,3.0,0.0,0.0,0.0,0.0,0.0,0.0,0.0,0.0,0.0,3.3,0.8,0.0,0.0,0.0,0.0,46238,0,0,0,0,3,BOX ELDER,2,East Box Elder County not WFRC,6,NA,12,NA,Elwood
3051,51,17.6,38.7,2.20,9.1,1.0,0.0,0.0,0.0,2.8,0.0,0.0,0.0,0.0,0.0,4.2,1.0,0.0,0.0,0.0,0.0,55022,0,0,0,0,3,BOX ELDER,2,East Box Elder County not WFRC,6,NA,12,NA,Elwood
3052,52,11.9,33.9,2.85,24.2,0.3,0.1,0.7,1.7,0.1,16.6,0.2,0.5,0.0,0.0,3.3,0.7,0.0,0.0,0.0,0.0,63578,0,0,0,0,3,BOX ELDER,2,East Box Elder County not WFRC,8,NA,17,NA,Elwood
3053,53,19.8,68.1,3.44,5.8,2.0,0.0,0.1,0.0,0.0,0.0,0.0,0.1,0.0,0.0,2.3,1.2,0.0,0.0,0.0,0.0,63578,0,0,0,0,3,BOX ELDER,2,East Box Elder County not WFRC,8,NA,17,NA,Elwood
3054,54,103.3,379.9,3.68,59.6,14.4,20.3,6.3,0.5,1.3,0.6,0.3,0.9,0.0,0.0,8.9,6.0,0.0,0.0,0.0,0.0,46238,0,0,0,0,3,BOX ELDER,2,East Box Elder County not WFRC,6,NA,12,NA,Elwood
3055,55,6.5,19.5,3.01,0.9,0.0,0.0,0.0,0.0,0.0,0.0,0.0,0.0,0.0,0.0,0.5,0.4,0.0,0.0,0.0,0.0,63578,0,0,0,0,3,BOX ELDER,2,East Box Elder County not WFRC,8,NA,17,NA,Elwood
3056,56,18.4,60.8,3.30,3.0,0.0,0.0,0.0,0.0,0.0,0.0,0.0,0.0,0.0,0.0,1.9,1.1,0.0,0.0,0.0,0.0,63578,0,0,0,0,3,BOX ELDER,2,East Box Elder County not WFRC,8,NA,17,NA,Elwood
3057,57,17.9,53.1,2.98,15.6,0.0,0.0,0.0,0.0,0.0,4.1,0.0,0.0,5.7,0.0,4.7,1.0,0.0,0.0,0.0,0.0,63578,0,0,0,0,3,BOX ELDER,2,East Box Elder County not WFRC,8,NA,17,NA,Elwood
3058,58,66.5,222.8,3.35,15.7,0.0,0.0,0.1,0.0,0.0,0.0,0.0,2.2,0.0,0.0,9.4,3.9,0.0,0.0,0.0,0.0,63578,0,0,0,0,3,BOX ELDER,2,East Box Elder County not WFRC,8,NA,17,NA,Elwood
3059,59,2.4,6.9,2.85,0.6,0.0,0.0,0.0,0.0,0.0,0.0,0.0,0.0,0.0,0.0,0.5,0.1,0.0,0.0,0.0,0.0,46238,0,0,0,0,3,BOX ELDER,2,East Box Elder County not WFRC,6,NA,12,NA,Elwood
3060,60,7.9,19.3,2.43,1.9,0.0,0.0,0.0,0.0,0.0,0.0,0.0,0.0,0.0,0.0,1.4,0.5,0.0,0.0,0.0,0.0,63578,0,0,0,0,3,BOX ELDER,2,East Box Elder County not WFRC,8,NA,17,NA,Elwood
3061,61,12.5,30.1,2.42,3.0,0.0,0.0,0.0,0.0,0.0,0.0,0.0,0.0,0.0,0.0,2.3,0.7,0.0,0.0,0.0,0.0,63578,0,0,0,0,3,BOX ELDER,2,East Box Elder County not WFRC,8,NA,17,NA,Elwood
3062,62,3.5,15.8,4.46,1.1,0.0,0.0,0.0,0.0,0.0,0.0,0.0,0.0,0.0,0.0,0.9,0.2,0.0,0.0,0.0,0.0,63578,0,0,0,0,3,BOX ELDER,2,East Box Elder County not WFRC,8,NA,17,NA,Elwood
3063,63,18.1,51.4,2.85,9.6,0.1,0.0,3.9,1.4,0.0,0.1,0.0,0.1,0.0,0.0,2.8,1.1,0.0,0.0,0.0,0.0,63578,0,0,0,0,3,BOX ELDER,2,East Box Elder County not WFRC,8,NA,17,NA,Elwood
3064,64,0.0,0.0,0.00,0.0,0.0,0.0,0.0,0.0,0.0,0.0,0.0,0.0,0.0,0.0,0.0,0.0,0.0,0.0,0.0,0.0,46238,0,0,0,0,3,BOX ELDER,2,East Box Elder County not WFRC,6,NA,13,NA,Elwood
3065,65,1.4,1.7,1.20,1.0,0.0,0.0,0.0,0.0,0.0,0.0,0.0,0.0,0.0,0.0,0.9,0.1,1.0,0.0,0.0,0.0,55022,0,0,0,0,3,BOX ELDER,2,East Box Elder County not WFRC,6,NA,12,NA,Deweyville
3066,66,22.3,46.3,2.07,7.0,0.0,0.0,0.1,1.4,0.0,0.1,0.0,2.2,0.0,0.0,1.9,1.3,0.0,0.0,0.0,0.0,55022,0,0,0,0,3,BOX ELDER,2,East Box Elder County not WFRC,6,NA,12,NA,Deweyville
3067,67,18.9,51.9,2.74,30.2,0.2,0.1,0.4,0.2,0.1,21.9,0.9,2.5,0.0,0.0,2.8,1.1,0.0,0.0,0.0,0.0,55022,0,0,0,0,3,BOX ELDER,2,East Box Elder County not WFRC,6,NA,12,NA,Deweyville
3068,68,16.9,48.3,2.86,3.8,0.0,0.0,0.0,0.0,0.0,0.0,0.0,0.0,0.0,0.0,2.8,1.0,0.0,0.0,0.0,0.0,55022,0,0,0,0,3,BOX ELDER,2,East Box Elder County not WFRC,6,NA,12,NA,Deweyville
3069,69,23.2,85.0,3.65,1.4,0.0,0.0,0.0,0.0,0.0,0.0,0.0,0.0,0.0,0.0,0.0,1.4,0.0,0.0,0.0,0.0,46238,0,0,0,0,3,BOX ELDER,2,East Box Elder County not WFRC,6,NA,12,NA,Deweyville
3070,70,11.6,33.2,2.86,3.0,0.0,0.0,0.0,0.0,0.0,0.0,0.0,0.0,0.0,0.0,2.3,0.7,0.0,0.0,0.0,0.0,55022,0,0,0,0,3,BOX ELDER,2,East Box Elder County not WFRC,6,NA,12,NA,Deweyville
3071,71,42.6,120.6,2.83,22.8,0.0,0.0,0.0,0.0,0.0,0.0,0.0,0.0,19.8,0.0,0.5,2.5,0.0,0.0,0.0,0.0,55022,0,0,0,0,3,BOX ELDER,2,East Box Elder County not WFRC,6,NA,12,NA,Deweyville
3072,72,0.0,0.0,0.00,0.0,0.0,0.0,0.0,0.0,0.0,0.0,0.0,0.0,0.0,0.0,0.0,0.0,0.0,0.0,0.0,0.0,55022,0,0,0,0,3,BOX ELDER,2,East Box Elder County not WFRC,6,NA,12,NA,Deweyville
3073,73,17.1,45.6,2.66,11.2,0.1,0.0,0.1,0.1,0.0,0.1,0.0,6.5,0.0,0.0,3.3,1.0,1.0,0.0,0.0,0.0,54957,0,0,0,0,3,BOX ELDER,2,East Box Elder County not WFRC,6,NA,12,NA,Deweyville
3074,74,70.2,233.4,3.32,14.7,0.0,0.0,0.0,0.0,0.0,0.0,0.0,2.1,0.0,0.0,8.4,4.1,0.0,0.0,0.0,0.0,55022,0,0,0,0,3,BOX ELDER,2,East Box Elder County not WFRC,6,NA,13,NA,Honeyville
3075,75,5.4,15.5,2.85,55.8,0.1,0.1,2.7,34.0,0.1,0.2,0.1,0.3,17.0,0.0,0.9,0.3,0.0,0.0,0.0,0.0,63578,0,0,0,0,3,BOX ELDER,2,East Box Elder County not WFRC,8,NA,17,NA,Honeyville
3076,76,11.1,33.5,3.02,11.3,0.0,0.0,0.0,0.0,0.0,0.0,6.4,4.3,0.0,0.0,0.0,0.6,0.0,0.0,0.0,0.0,54373,0,0,0,0,3,BOX ELDER,2,East Box Elder County not WFRC,6,NA,13,NA,Honeyville
3077,77,46.4,113.6,2.45,59.3,0.5,7.2,1.2,0.5,0.2,0.6,0.3,43.7,0.0,0.0,2.3,2.7,0.0,0.0,0.0,0.0,54373,0,0,0,0,3,BOX ELDER,2,East Box Elder County not WFRC,6,NA,13,NA,Honeyville
3078,78,20.1,24.1,1.20,11.3,0.0,0.0,0.0,0.0,0.0,0.0,0.0,2.1,0.0,0.0,8.0,1.2,0.0,0.0,0.0,0.0,55022,0,0,0,0,3,BOX ELDER,2,East Box Elder County not WFRC,6,NA,13,NA,Honeyville
3079,79,169.5,556.2,3.28,79.5,1.2,2.1,0.5,3.0,1.2,17.7,31.3,8.9,0.0,0.0,3.7,9.9,0.0,0.0,0.0,0.0,54376,0,0,0,0,3,BOX ELDER,2,East Box Elder County not WFRC,6,NA,13,NA,Honeyville
3080,80,9.3,21.6,2.32,2.3,0.0,0.0,0.0,1.3,0.0,0.0,0.0,0.0,0.0,0.0,0.5,0.5,0.0,0.0,0.0,0.0,63578,0,0,0,0,3,BOX ELDER,2,East Box Elder County not WFRC,8,NA,17,NA,Honeyville
3081,81,12.3,29.1,2.37,1.2,0.0,0.0,0.0,0.0,0.0,0.0,0.0,0.0,0.0,0.0,0.5,0.7,0.0,0.0,0.0,0.0,55022,0,0,0,0,3,BOX ELDER,2,East Box Elder County not WFRC,6,NA,13,NA,Honeyville
3082,82,18.8,61.8,3.29,8.8,0.0,0.0,0.1,0.0,0.0,0.1,0.0,6.5,0.0,0.0,0.9,1.1,0.0,0.0,0.0,0.0,55022,0,0,0,0,3,BOX ELDER,2,East Box Elder County not WFRC,6,NA,13,NA,Honeyville
3083,83,26.3,56.7,2.16,5.4,2.0,0.0,0.0,0.0,0.0,0.0,0.0,0.0,0.0,0.0,1.9,1.5,0.0,0.0,0.0,0.0,55022,0,0,0,0,3,BOX ELDER,2,East Box Elder County not WFRC,6,NA,13,NA,Honeyville
3084,84,24.6,86.6,3.51,8.8,1.1,0.1,0.3,0.1,0.1,0.2,0.1,4.5,0.0,0.0,0.9,1.4,0.0,0.0,0.0,0.0,55022,0,0,0,0,3,BOX ELDER,2,East Box Elder County not WFRC,6,NA,13,NA,Honeyville
3085,85,52.7,168.8,3.20,18.0,0.0,0.0,0.0,0.0,0.0,12.2,0.0,2.2,0.0,0.0,0.5,3.1,0.0,0.0,0.0,0.0,55022,0,0,0,0,3,BOX ELDER,2,East Box Elder County not WFRC,6,NA,13,NA,Honeyville
3086,86,0.0,0.0,0.00,0.0,0.0,0.0,0.0,0.0,0.0,0.0,0.0,0.0,0.0,0.0,0.0,0.0,0.0,0.0,0.0,0.0,55022,0,0,0,0,3,BOX ELDER,2,East Box Elder County not WFRC,6,NA,14,NA,Honeyville
3087,87,12.3,35.1,2.85,4.9,0.0,0.0,3.8,0.0,0.0,0.0,0.0,0.0,0.0,0.0,0.5,0.7,0.0,0.0,0.0,0.0,55022,0,0,0,0,3,BOX ELDER,2,East Box Elder County not WFRC,6,NA,14,NA,Honeyville
3088,88,114.6,362.9,3.17,86.0,0.0,0.0,1.3,0.0,0.0,2.7,0.0,0.0,70.9,0.0,4.2,6.7,0.0,0.0,0.0,0.0,63578,439,0,0,0,3,BOX ELDER,2,East Box Elder County not WFRC,8,NA,17,NA,Bear River City
3089,89,110.6,352.8,3.19,20.6,0.0,0.0,5.0,1.4,0.6,0.1,0.8,0.1,0.0,0.0,6.1,6.5,0.0,0.0,0.0,0.0,63578,0,0,0,0,3,BOX ELDER,2,East Box Elder County not WFRC,8,NA,17,NA,Bear River City
3090,90,14.3,31.6,2.21,4.5,0.0,0.0,0.0,0.0,0.0,0.0,0.0,0.0,0.0,0.0,3.7,0.8,0.0,0.0,0.0,0.0,63578,0,0,0,0,3,BOX ELDER,2,East Box Elder County not WFRC,8,NA,17,NA,Bear River City
3091,91,45.0,107.6,2.39,10.2,0.0,0.0,0.0,0.0,0.6,0.0,0.0,0.0,0.0,0.0,7.0,2.6,0.0,0.0,0.0,0.0,63578,0,0,0,0,3,BOX ELDER,2,East Box Elder County not WFRC,8,NA,17,NA,Bear River City
3092,92,0.0,0.0,0.00,1008.4,0.0,0.0,0.0,1006.8,1.6,0.0,0.0,0.0,0.0,0.0,0.0,0.0,0.0,0.0,0.0,0.0,46112,0,0,0,0,3,BOX ELDER,2,East Box Elder County not WFRC,8,NA,18,NA,Corinne
3093,93,0.0,0.0,0.00,0.0,0.0,0.0,0.0,0.0,0.0,0.0,0.0,0.0,0.0,0.0,0.0,0.0,0.0,0.0,0.0,0.0,46112,0,0,0,0,3,BOX ELDER,2,East Box Elder County not WFRC,8,NA,18,NA,Corinne
3094,94,13.1,28.6,2.18,229.7,7.7,4.1,109.0,59.0,3.3,9.7,5.3,13.5,0.0,0.0,17.3,0.8,0.0,0.0,0.0,0.0,46112,0,0,0,0,3,BOX ELDER,2,East Box Elder County not WFRC,8,NA,18,NA,Corinne
3095,95,63.9,177.2,2.77,62.0,14.0,6.7,12.1,5.0,1.4,4.1,2.3,5.7,0.0,0.0,7.0,3.7,0.0,0.0,0.0,0.0,46112,0,0,0,0,3,BOX ELDER,2,East Box Elder County not WFRC,8,NA,18,NA,Corinne
3096,96,12.5,54.2,4.32,10.1,0.0,0.0,0.0,0.0,0.0,0.0,0.0,0.0,0.0,0.0,9.4,0.7,0.0,0.0,0.0,0.0,46112,0,0,0,0,3,BOX ELDER,2,East Box Elder County not WFRC,9,NA,19,NA,Corinne
3097,97,98.1,288.6,2.94,95.5,0.3,0.1,0.7,7.3,1.2,62.3,0.2,13.4,0.0,0.0,4.2,5.7,0.0,0.0,0.0,0.0,46112,239,0,0,0,3,BOX ELDER,2,East Box Elder County not WFRC,8,NA,18,NA,Corinne
3098,98,20.6,58.0,2.82,7.6,0.1,0.0,0.1,0.1,0.0,0.1,0.0,2.2,0.0,0.0,3.7,1.2,0.0,0.0,0.0,0.0,46112,0,0,0,0,3,BOX ELDER,2,East Box Elder County not WFRC,9,NA,19,NA,Corinne
3099,99,27.3,60.6,2.22,5.0,0.2,0.1,0.4,1.5,0.1,0.2,0.1,0.3,0.0,0.0,0.5,1.6,0.0,0.0,0.0,0.0,46112,0,0,0,0,3,BOX ELDER,2,East Box Elder County not WFRC,9,NA,19,NA,Corinne
3162,100,275.7,794.2,2.88,91.6,3.3,1.2,0.9,4.6,1.3,31.4,1.8,9.2,0.0,0.0,22.0,16.1,0.0,0.0,0.0,0.0,60376,0,0,0,0,3,BOX ELDER,2,East Box Elder County not WFRC,5,"Mantua, East Mountain",25,NA,Mantua
3208,101,18.2,40.0,2.20,4.4,0.1,0.0,0.2,0.1,0.0,2.8,0.0,0.1,0.0,0.0,0.0,1.1,49.0,0.0,0.0,0.0,42202,11,0,0,0,3,BOX ELDER,3,West Box Elder County,14,NA,1,NA,Balance of Box Elder County
3209,102,48.4,146.5,3.03,11.1,1.0,0.0,0.1,0.1,0.0,6.9,0.0,0.1,0.0,0.0,0.0,2.8,31.0,0.0,0.0,0.0,42202,30,2,3,0,3,BOX ELDER,3,West Box Elder County,14,NA,1,NA,Balance of Box Elder County
3210,103,2.0,5.8,2.85,0.1,0.0,0.0,0.0,0.0,0.0,0.0,0.0,0.0,0.0,0.0,0.0,0.1,1.0,0.0,0.0,0.0,42202,0,0,0,0,3,BOX ELDER,3,West Box Elder County,13,NA,3,NA,Balance of Box Elder County
3211,104,6.1,12.4,2.04,0.4,0.0,0.0,0.0,0.0,0.0,0.0,0.0,0.0,0.0,0.0,0.0,0.4,4.0,0.0,0.0,0.0,42202,0,0,0,0,3,BOX ELDER,3,West Box Elder County,13,NA,3,NA,Balance of Box Elder County
3212,105,6.0,11.3,1.88,54.3,0.0,0.0,0.0,0.0,0.0,0.0,0.0,0.0,53.9,0.0,0.0,0.4,1.0,0.0,0.0,0.0,42202,0,0,0,0,3,BOX ELDER,3,West Box Elder County,13,NA,3,NA,Balance of Box Elder County
3213,106,7.1,12.3,1.74,0.4,0.0,0.0,0.0,0.0,0.0,0.0,0.0,0.0,0.0,0.0,0.0,0.4,1.0,0.0,0.0,0.0,42202,0,0,0,0,3,BOX ELDER,3,West Box Elder County,12,NA,6,NA,Balance of Box Elder County
3214,107,11.1,31.6,2.85,1.9,0.0,0.0,0.0,1.3,0.0,0.0,0.0,0.0,0.0,0.0,0.0,0.6,3.0,0.0,0.0,0.0,44384,0,0,0,0,3,BOX ELDER,3,West Box Elder County,12,NA,6,NA,Balance of Box Elder County
3215,108,0.0,0.0,0.00,4.0,4.0,0.0,0.0,0.0,0.0,0.0,0.0,0.0,0.0,0.0,0.0,0.0,3.0,0.0,0.0,0.0,54204,0,0,0,0,3,BOX ELDER,3,West Box Elder County,12,NA,6,NA,Balance of Box Elder County
3216,109,2.0,3.8,1.88,0.1,0.0,0.0,0.0,0.0,0.0,0.0,0.0,0.0,0.0,0.0,0.0,0.1,12.0,0.0,0.0,0.0,54204,0,0,0,0,3,BOX ELDER,3,West Box Elder County,12,NA,6,NA,Balance of Box Elder County
3217,110,0.0,0.0,0.00,0.0,0.0,0.0,0.0,0.0,0.0,0.0,0.0,0.0,0.0,0.0,0.0,0.0,0.0,0.0,0.0,0.0,53540,0,0,0,0,3,BOX ELDER,3,West Box Elder County,12,NA,6,NA,Balance of Box Elder County
3218,111,2.0,5.8,2.85,0.1,0.0,0.0,0.0,0.0,0.0,0.0,0.0,0.0,0.0,0.0,0.0,0.1,1.0,0.0,0.0,0.0,53540,0,0,0,0,3,BOX ELDER,3,West Box Elder County,12,NA,6,NA,Balance of Box Elder County
3219,112,2.0,2.4,1.20,0.1,0.0,0.0,0.0,0.0,0.0,0.0,0.0,0.0,0.0,0.0,0.0,0.1,0.0,0.0,0.0,0.0,53540,0,0,0,0,3,BOX ELDER,2,East Box Elder County not WFRC,11,NA,7,NA,Balance of Box Elder County
3220,113,10.2,41.6,4.10,0.6,0.0,0.0,0.0,0.0,0.0,0.0,0.0,0.0,0.0,0.0,0.0,0.6,0.0,0.0,0.0,0.0,53540,0,0,0,0,3,BOX ELDER,2,East Box Elder County not WFRC,11,NA,7,NA,Balance of Box Elder County
3221,114,4.1,5.7,1.40,0.2,0.0,0.0,0.0,0.0,0.0,0.0,0.0,0.0,0.0,0.0,0.0,0.2,0.0,0.0,0.0,0.0,53540,0,0,0,0,3,BOX ELDER,2,East Box Elder County not WFRC,11,NA,7,NA,Balance of Box Elder County
3222,115,3.0,36.0,11.85,11.5,0.0,0.0,0.0,0.0,0.0,0.0,0.0,0.0,11.3,0.0,0.0,0.2,0.0,0.0,0.0,0.0,53540,0,0,0,0,3,BOX ELDER,2,East Box Elder County not WFRC,11,NA,7,NA,Balance of Box Elder County
3223,116,0.0,0.0,0.00,0.0,0.0,0.0,0.0,0.0,0.0,0.0,0.0,0.0,0.0,0.0,0.0,0.0,0.0,0.0,0.0,0.0,53540,0,0,0,0,3,BOX ELDER,2,East Box Elder County not WFRC,11,NA,7,NA,Balance of Box Elder County
3224,117,6.1,23.3,3.81,60.5,0.7,0.3,27.8,2.1,0.3,0.8,0.4,1.1,25.5,0.0,0.9,0.4,0.0,0.0,0.0,0.0,53540,0,0,0,0,3,BOX ELDER,2,East Box Elder County not WFRC,11,NA,7,NA,Balance of Box Elder County
3225,118,0.0,0.0,0.00,0.0,0.0,0.0,0.0,0.0,0.0,0.0,0.0,0.0,0.0,0.0,0.0,0.0,0.0,0.0,0.0,0.0,53540,0,0,0,0,3,BOX ELDER,2,East Box Elder County not WFRC,11,NA,7,NA,Balance of Box Elder County
3226,119,5.1,11.5,2.27,0.3,0.0,0.0,0.0,0.0,0.0,0.0,0.0,0.0,0.0,0.0,0.0,0.3,0.0,0.0,0.0,0.0,53540,0,0,0,0,3,BOX ELDER,2,East Box Elder County not WFRC,11,NA,7,NA,Balance of Box Elder County
3227,120,1.0,1.9,1.88,0.1,0.0,0.0,0.0,0.0,0.0,0.0,0.0,0.0,0.0,0.0,0.0,0.1,0.0,0.0,0.0,0.0,53540,0,0,0,0,3,BOX ELDER,2,East Box Elder County not WFRC,11,NA,7,NA,Balance of Box Elder County
3228,121,0.0,0.0,0.00,0.0,0.0,0.0,0.0,0.0,0.0,0.0,0.0,0.0,0.0,0.0,0.0,0.0,1.0,0.0,0.0,0.0,53540,0,0,0,0,3,BOX ELDER,2,East Box Elder County not WFRC,11,NA,7,NA,Balance of Box Elder County
3229,122,1.1,3.1,2.85,0.1,0.0,0.0,0.0,0.0,0.0,0.0,0.0,0.0,0.0,0.0,0.0,0.1,1.0,0.0,0.0,0.0,53540,0,0,0,0,3,BOX ELDER,2,East Box Elder County not WFRC,11,NA,7,NA,Balance of Box Elder County
3230,123,24.2,54.3,2.24,4.1,0.0,0.0,0.0,0.0,0.0,0.0,0.0,0.0,0.0,2.7,0.0,1.4,42.0,0.0,0.0,0.0,42202,0,0,0,0,3,BOX ELDER,3,West Box Elder County,14,NA,1,NA,Balance of Box Elder County
3231,124,27.3,103.0,3.77,17.9,0.0,0.0,0.0,0.0,0.0,0.0,0.0,0.0,0.0,16.3,0.0,1.6,31.0,0.0,0.0,0.0,42202,0,0,0,0,3,BOX ELDER,3,West Box Elder County,14,NA,2,NA,Balance of Box Elder County
3232,125,2.0,8.7,4.29,0.1,0.0,0.0,0.0,0.0,0.0,0.0,0.0,0.0,0.0,0.0,0.0,0.1,0.0,0.0,0.0,0.0,42202,0,0,0,0,3,BOX ELDER,3,West Box Elder County,13,NA,3,NA,Balance of Box Elder County
3233,126,11.1,41.4,3.72,0.6,0.0,0.0,0.0,0.0,0.0,0.0,0.0,0.0,0.0,0.0,0.0,0.6,1.0,0.0,0.0,0.0,42202,0,0,0,0,3,BOX ELDER,3,West Box Elder County,13,NA,3,NA,Balance of Box Elder County
3234,127,5.1,16.3,3.23,0.3,0.0,0.0,0.0,0.0,0.0,0.0,0.0,0.0,0.0,0.0,0.0,0.3,0.0,0.0,0.0,0.0,46112,0,0,0,0,3,BOX ELDER,2,East Box Elder County not WFRC,9,NA,19,NA,Balance of Box Elder County
3235,128,0.0,0.0,0.00,0.0,0.0,0.0,0.0,0.0,0.0,0.0,0.0,0.0,0.0,0.0,0.0,0.0,3.0,0.0,0.0,0.0,42202,0,0,0,0,3,BOX ELDER,3,West Box Elder County,13,NA,3,NA,Balance of Box Elder County
3236,129,0.0,0.0,0.00,0.0,0.0,0.0,0.0,0.0,0.0,0.0,0.0,0.0,0.0,0.0,0.0,0.0,3.0,0.0,0.0,0.0,42202,0,0,0,0,3,BOX ELDER,3,West Box Elder County,13,NA,3,NA,Balance of Box Elder County
3237,130,2.0,3.8,1.88,0.1,0.0,0.0,0.0,0.0,0.0,0.0,0.0,0.0,0.0,0.0,0.0,0.1,1.0,0.0,0.0,0.0,54204,0,0,0,0,3,BOX ELDER,3,West Box Elder County,13,NA,3,NA,Balance of Box Elder County
3238,131,2.0,4.8,2.36,0.1,0.0,0.0,0.0,0.0,0.0,0.0,0.0,0.0,0.0,0.0,0.0,0.1,1.0,0.0,0.0,0.0,54204,0,0,0,0,3,BOX ELDER,3,West Box Elder County,13,NA,3,NA,Balance of Box Elder County
3239,132,0.0,0.0,0.00,0.0,0.0,0.0,0.0,0.0,0.0,0.0,0.0,0.0,0.0,0.0,0.0,0.0,0.0,0.0,0.0,0.0,54204,0,0,0,0,3,BOX ELDER,3,West Box Elder County,12,NA,6,NA,Balance of Box Elder County
3240,133,0.0,0.0,0.00,0.0,0.0,0.0,0.0,0.0,0.0,0.0,0.0,0.0,0.0,0.0,0.0,0.0,2.0,0.0,0.0,0.0,53540,0,0,0,0,3,BOX ELDER,3,West Box Elder County,12,NA,6,NA,Balance of Box Elder County
3241,134,0.0,0.0,0.00,0.0,0.0,0.0,0.0,0.0,0.0,0.0,0.0,0.0,0.0,0.0,0.0,0.0,0.0,0.0,0.0,0.0,53540,0,0,0,0,3,BOX ELDER,3,West Box Elder County,12,NA,6,NA,Balance of Box Elder County
3242,135,0.0,0.0,0.00,0.0,0.0,0.0,0.0,0.0,0.0,0.0,0.0,0.0,0.0,0.0,0.0,0.0,0.0,0.0,0.0,0.0,53540,0,0,0,0,3,BOX ELDER,2,East Box Elder County not WFRC,11,NA,7,NA,Balance of Box Elder County
3243,136,0.0,0.0,0.00,364.1,1.1,0.6,290.3,65.9,0.5,1.4,0.8,2.0,0.0,0.0,1.4,0.0,0.0,0.0,0.0,0.0,53540,0,0,0,0,3,BOX ELDER,2,East Box Elder County not WFRC,11,NA,7,NA,Balance of Box Elder County
3244,137,0.0,0.0,0.00,0.0,0.0,0.0,0.0,0.0,0.0,0.0,0.0,0.0,0.0,0.0,0.0,0.0,0.0,0.0,0.0,0.0,53540,0,0,0,0,3,BOX ELDER,2,East Box Elder County not WFRC,11,NA,7,NA,Balance of Box Elder County
3245,138,0.0,0.0,0.00,0.0,0.0,0.0,0.0,0.0,0.0,0.0,0.0,0.0,0.0,0.0,0.0,0.0,0.0,0.0,0.0,0.0,53540,0,0,0,0,3,BOX ELDER,2,East Box Elder County not WFRC,11,NA,7,NA,Balance of Box Elder County
3246,139,8.2,25.2,3.09,22.0,10.5,0.0,0.1,10.9,0.0,0.0,0.0,0.1,0.0,0.0,0.0,0.5,0.0,0.0,0.0,0.0,53540,0,0,0,0,3,BOX ELDER,2,East Box Elder County not WFRC,11,NA,7,NA,Balance of Box Elder County
3247,140,0.0,0.0,0.00,0.0,0.0,0.0,0.0,0.0,0.0,0.0,0.0,0.0,0.0,0.0,0.0,0.0,0.0,0.0,0.0,0.0,53540,0,0,0,0,3,BOX ELDER,2,East Box Elder County not WFRC,11,NA,7,NA,Balance of Box Elder County
3248,141,0.0,0.0,0.00,0.0,0.0,0.0,0.0,0.0,0.0,0.0,0.0,0.0,0.0,0.0,0.0,0.0,0.0,0.0,0.0,0.0,53540,0,0,0,0,3,BOX ELDER,2,East Box Elder County not WFRC,11,NA,8,NA,Balance of Box Elder County
3249,142,0.0,0.0,0.00,0.0,0.0,0.0,0.0,0.0,0.0,0.0,0.0,0.0,0.0,0.0,0.0,0.0,0.0,0.0,0.0,0.0,53540,0,0,0,0,3,BOX ELDER,2,East Box Elder County not WFRC,11,NA,8,NA,Balance of Box Elder County
3250,143,0.0,0.0,0.00,0.0,0.0,0.0,0.0,0.0,0.0,0.0,0.0,0.0,0.0,0.0,0.0,0.0,0.0,0.0,0.0,0.0,53540,0,0,0,0,3,BOX ELDER,2,East Box Elder County not WFRC,11,NA,8,NA,Balance of Box Elder County
3251,144,2.1,6.9,3.33,0.1,0.0,0.0,0.0,0.0,0.0,0.0,0.0,0.0,0.0,0.0,0.0,0.1,0.0,0.0,0.0,0.0,53540,0,0,0,0,3,BOX ELDER,2,East Box Elder County not WFRC,11,NA,8,NA,Balance of Box Elder County
3252,145,4.1,5.8,1.40,0.2,0.0,0.0,0.0,0.0,0.0,0.0,0.0,0.0,0.0,0.0,0.0,0.2,0.0,0.0,0.0,0.0,53540,0,0,0,0,3,BOX ELDER,2,East Box Elder County not WFRC,11,NA,8,NA,Balance of Box Elder County
3253,146,0.0,0.0,0.00,0.0,0.0,0.0,0.0,0.0,0.0,0.0,0.0,0.0,0.0,0.0,0.0,0.0,0.0,0.0,0.0,0.0,53540,0,0,0,0,3,BOX ELDER,2,East Box Elder County not WFRC,11,NA,8,NA,Balance of Box Elder County
3254,147,0.0,0.0,0.00,0.0,0.0,0.0,0.0,0.0,0.0,0.0,0.0,0.0,0.0,0.0,0.0,0.0,0.0,0.0,0.0,0.0,53540,0,0,0,0,3,BOX ELDER,2,East Box Elder County not WFRC,11,NA,8,NA,Balance of Box Elder County
3255,148,0.0,0.0,0.00,0.0,0.0,0.0,0.0,0.0,0.0,0.0,0.0,0.0,0.0,0.0,0.0,0.0,0.0,0.0,0.0,0.0,53540,0,0,0,0,3,BOX ELDER,2,East Box Elder County not WFRC,11,NA,8,NA,Balance of Box Elder County
3256,149,0.0,0.0,0.00,0.0,0.0,0.0,0.0,0.0,0.0,0.0,0.0,0.0,0.0,0.0,0.0,0.0,1.0,0.0,0.0,0.0,53540,0,0,0,0,3,BOX ELDER,2,East Box Elder County not WFRC,11,NA,8,NA,Balance of Box Elder County
3257,150,0.0,0.0,0.00,0.0,0.0,0.0,0.0,0.0,0.0,0.0,0.0,0.0,0.0,0.0,0.0,0.0,0.0,0.0,0.0,0.0,53540,0,0,0,0,3,BOX ELDER,2,East Box Elder County not WFRC,11,NA,8,NA,Balance of Box Elder County
3258,151,0.0,0.0,0.00,0.0,0.0,0.0,0.0,0.0,0.0,0.0,0.0,0.0,0.0,0.0,0.0,0.0,0.0,0.0,0.0,0.0,53540,0,0,0,0,3,BOX ELDER,2,East Box Elder County not WFRC,11,NA,8,NA,Balance of Box Elder County
3259,152,0.0,0.0,0.00,0.0,0.0,0.0,0.0,0.0,0.0,0.0,0.0,0.0,0.0,0.0,0.0,0.0,0.0,0.0,0.0,0.0,53540,0,0,0,0,3,BOX ELDER,3,West Box Elder County,12,NA,6,NA,Balance of Box Elder County
3260,153,0.0,0.0,0.00,0.0,0.0,0.0,0.0,0.0,0.0,0.0,0.0,0.0,0.0,0.0,0.0,0.0,0.0,0.0,0.0,0.0,53540,0,0,0,0,3,BOX ELDER,2,East Box Elder County not WFRC,11,NA,8,NA,Balance of Box Elder County
3261,154,27.3,97.2,3.56,1.6,0.0,0.0,0.0,0.0,0.0,0.0,0.0,0.0,0.0,0.0,0.0,1.6,0.0,0.0,0.0,0.0,53540,0,0,0,0,3,BOX ELDER,2,East Box Elder County not WFRC,11,NA,8,NA,Balance of Box Elder County
3262,155,0.0,0.0,0.00,0.0,0.0,0.0,0.0,0.0,0.0,0.0,0.0,0.0,0.0,0.0,0.0,0.0,0.0,0.0,0.0,0.0,53540,0,0,0,0,3,BOX ELDER,2,East Box Elder County not WFRC,11,NA,8,NA,Balance of Box Elder County
3263,156,8.2,20.3,2.48,0.5,0.0,0.0,0.0,0.0,0.0,0.0,0.0,0.0,0.0,0.0,0.0,0.5,1.0,0.0,0.0,0.0,53540,0,0,0,0,3,BOX ELDER,2,East Box Elder County not WFRC,11,NA,8,NA,Balance of Box Elder County
3264,157,22.3,59.5,2.67,1.3,0.0,0.0,0.0,0.0,0.0,0.0,0.0,0.0,0.0,0.0,0.0,1.3,0.0,0.0,0.0,0.0,53540,0,0,0,0,3,BOX ELDER,2,East Box Elder County not WFRC,11,NA,8,NA,Balance of Box Elder County
3265,158,0.0,0.0,0.00,0.0,0.0,0.0,0.0,0.0,0.0,0.0,0.0,0.0,0.0,0.0,0.0,0.0,0.0,0.0,0.0,0.0,53540,0,0,0,0,3,BOX ELDER,2,East Box Elder County not WFRC,11,NA,8,NA,Balance of Box Elder County
3266,159,0.0,0.0,0.00,0.0,0.0,0.0,0.0,0.0,0.0,0.0,0.0,0.0,0.0,0.0,0.0,0.0,0.0,0.0,0.0,0.0,53540,0,0,0,0,3,BOX ELDER,2,East Box Elder County not WFRC,11,NA,8,NA,Balance of Box Elder County
3267,160,12.2,44.4,3.65,12.0,0.0,0.0,0.0,0.0,0.0,0.0,0.0,0.0,11.3,0.0,0.0,0.7,0.0,0.0,0.0,0.0,53540,0,0,0,0,3,BOX ELDER,2,East Box Elder County not WFRC,11,NA,8,NA,Balance of Box Elder County
3268,161,29.3,103.0,3.51,5.1,0.0,0.0,0.0,1.4,0.0,0.0,0.0,2.1,0.0,0.0,0.0,1.7,0.0,0.0,0.0,0.0,56865,0,0,0,0,3,BOX ELDER,2,East Box Elder County not WFRC,11,NA,8,NA,Balance of Box Elder County
3269,162,8.1,32.0,3.93,0.5,0.0,0.0,0.0,0.0,0.0,0.0,0.0,0.0,0.0,0.0,0.0,0.5,0.0,0.0,0.0,0.0,56865,0,0,0,0,3,BOX ELDER,2,East Box Elder County not WFRC,11,NA,8,NA,Balance of Box Elder County
3270,163,22.7,71.0,3.12,12.5,0.0,0.0,0.0,0.0,0.0,0.0,0.0,0.0,0.0,0.0,11.2,1.3,0.0,0.0,0.0,0.0,56865,0,0,0,0,3,BOX ELDER,2,East Box Elder County not WFRC,11,NA,8,NA,Balance of Box Elder County
3271,164,15.2,34.4,2.27,29.3,0.0,0.0,0.0,0.0,0.0,0.0,0.0,0.0,28.4,0.0,0.0,0.9,0.0,0.0,0.0,0.0,56865,0,0,0,0,3,BOX ELDER,2,East Box Elder County not WFRC,11,NA,8,NA,Balance of Box Elder County
3272,165,1.1,4.2,3.81,0.1,0.0,0.0,0.0,0.0,0.0,0.0,0.0,0.0,0.0,0.0,0.0,0.1,0.0,0.0,0.0,0.0,56865,0,0,0,0,3,BOX ELDER,2,East Box Elder County not WFRC,11,NA,8,NA,Balance of Box Elder County
3273,166,1.1,5.2,4.78,0.1,0.0,0.0,0.0,0.0,0.0,0.0,0.0,0.0,0.0,0.0,0.0,0.1,0.0,0.0,0.0,0.0,56865,0,0,0,0,3,BOX ELDER,2,East Box Elder County not WFRC,11,NA,8,NA,Balance of Box Elder County
3274,167,5.1,13.6,2.65,0.3,0.0,0.0,0.0,0.0,0.0,0.0,0.0,0.0,0.0,0.0,0.0,0.3,0.0,0.0,0.0,0.0,56865,0,0,0,0,3,BOX ELDER,2,East Box Elder County not WFRC,11,NA,8,NA,Balance of Box Elder County
3275,168,47.4,141.5,2.98,4.9,0.0,0.0,0.0,0.0,0.0,0.0,0.0,2.1,0.0,0.0,0.0,2.8,0.0,0.0,0.0,0.0,56865,0,0,0,0,3,BOX ELDER,2,East Box Elder County not WFRC,11,NA,8,NA,Balance of Box Elder County
3276,169,0.0,0.0,0.00,0.0,0.0,0.0,0.0,0.0,0.0,0.0,0.0,0.0,0.0,0.0,0.0,0.0,3.0,0.0,0.0,0.0,54204,0,0,0,0,3,BOX ELDER,3,West Box Elder County,12,NA,5,NA,Balance of Box Elder County
3277,170,12.1,36.5,3.01,0.7,0.0,0.0,0.0,0.0,0.0,0.0,0.0,0.0,0.0,0.0,0.0,0.7,2.0,0.0,0.0,0.0,54204,0,0,0,0,3,BOX ELDER,3,West Box Elder County,12,NA,5,NA,Balance of Box Elder County
3278,171,23.2,85.8,3.70,156.6,0.7,0.4,1.7,10.3,0.3,4.8,0.5,30.7,104.9,0.0,0.9,1.4,0.0,0.0,0.0,0.0,54204,0,0,0,0,3,BOX ELDER,2,East Box Elder County not WFRC,8,NA,16,NA,Balance of Box Elder County
3279,172,0.0,0.0,0.00,0.0,0.0,0.0,0.0,0.0,0.0,0.0,0.0,0.0,0.0,0.0,0.0,0.0,0.0,0.0,0.0,0.0,53540,0,0,0,0,3,BOX ELDER,3,West Box Elder County,12,NA,6,NA,Balance of Box Elder County
3280,173,0.0,0.0,0.00,0.0,0.0,0.0,0.0,0.0,0.0,0.0,0.0,0.0,0.0,0.0,0.0,0.0,0.0,0.0,0.0,0.0,53540,0,0,0,0,3,BOX ELDER,3,West Box Elder County,12,NA,6,NA,Balance of Box Elder County
3281,174,33.4,96.9,2.90,10.0,0.0,0.0,0.0,0.0,0.6,5.4,0.0,2.2,0.0,0.0,0.0,1.9,0.0,0.0,0.0,0.0,53540,0,0,0,0,3,BOX ELDER,2,East Box Elder County not WFRC,11,NA,8,NA,Balance of Box Elder County
3282,175,25.3,73.9,2.92,38.7,0.1,0.1,0.3,0.1,0.1,0.2,0.1,4.5,31.2,0.0,0.5,1.5,0.0,0.0,0.0,0.0,56865,0,0,0,0,3,BOX ELDER,2,East Box Elder County not WFRC,11,NA,8,NA,Balance of Box Elder County
3283,176,28.3,87.4,3.09,17.7,0.1,0.0,0.1,1.4,0.0,0.1,0.0,0.1,14.2,0.0,0.0,1.7,0.0,0.0,0.0,0.0,56865,0,0,0,0,3,BOX ELDER,2,East Box Elder County not WFRC,11,NA,8,NA,Balance of Box Elder County
3284,177,21.2,58.5,2.75,2.2,1.0,0.0,0.0,0.0,0.0,0.0,0.0,0.0,0.0,0.0,0.0,1.2,0.0,0.0,0.0,0.0,56865,0,0,0,0,3,BOX ELDER,2,East Box Elder County not WFRC,11,NA,8,NA,Balance of Box Elder County
3285,178,13.2,39.4,2.99,2.1,0.0,0.0,0.0,1.3,0.0,0.0,0.0,0.0,0.0,0.0,0.0,0.8,0.0,0.0,0.0,0.0,56865,0,0,0,0,3,BOX ELDER,2,East Box Elder County not WFRC,11,NA,8,NA,Balance of Box Elder County
3286,179,8.1,19.2,2.36,1.6,0.0,0.0,0.0,0.0,1.1,0.0,0.0,0.0,0.0,0.0,0.0,0.5,0.0,0.0,0.0,0.0,56865,0,0,0,0,3,BOX ELDER,2,East Box Elder County not WFRC,11,NA,8,NA,Balance of Box Elder County
3287,180,11.2,36.7,3.28,0.7,0.0,0.0,0.0,0.0,0.0,0.0,0.0,0.0,0.0,0.0,0.0,0.7,0.0,0.0,0.0,0.0,56865,0,0,0,0,3,BOX ELDER,2,East Box Elder County not WFRC,11,NA,8,NA,Balance of Box Elder County
3288,181,0.0,0.0,0.00,0.0,0.0,0.0,0.0,0.0,0.0,0.0,0.0,0.0,0.0,0.0,0.0,0.0,0.0,0.0,0.0,0.0,56865,0,0,0,0,3,BOX ELDER,2,East Box Elder County not WFRC,11,NA,8,NA,Balance of Box Elder County
3289,182,0.0,0.0,0.00,0.0,0.0,0.0,0.0,0.0,0.0,0.0,0.0,0.0,0.0,0.0,0.0,0.0,0.0,0.0,0.0,0.0,56865,0,0,0,0,3,BOX ELDER,2,East Box Elder County not WFRC,11,NA,8,NA,Balance of Box Elder County
3290,183,28.4,56.3,1.98,17.3,0.0,1.0,0.0,8.1,0.5,1.3,0.0,4.2,0.0,0.0,0.5,1.7,0.0,0.0,0.0,0.0,56865,0,0,0,0,3,BOX ELDER,2,East Box Elder County not WFRC,11,NA,8,NA,Balance of Box Elder County
3291,184,58.6,158.1,2.70,9.7,1.0,0.0,0.0,2.7,0.0,0.0,0.0,2.1,0.0,0.0,0.5,3.4,0.0,0.0,0.0,0.0,56865,0,0,0,0,3,BOX ELDER,2,East Box Elder County not WFRC,11,NA,8,NA,Balance of Box Elder County
3292,185,30.4,78.7,2.59,4.8,2.0,0.0,0.2,0.1,0.0,0.1,0.0,0.1,0.0,0.0,0.5,1.8,0.0,0.0,0.0,0.0,56865,0,0,0,0,3,BOX ELDER,2,East Box Elder County not WFRC,11,NA,8,NA,Balance of Box Elder County
3293,186,2.1,4.0,1.88,4.4,0.0,0.0,0.0,0.0,0.0,0.0,0.0,4.3,0.0,0.0,0.0,0.1,0.0,0.0,0.0,0.0,56865,0,0,0,0,3,BOX ELDER,2,East Box Elder County not WFRC,11,NA,8,NA,Balance of Box Elder County
3294,187,3.1,20.9,6.70,0.2,0.0,0.0,0.0,0.0,0.0,0.0,0.0,0.0,0.0,0.0,0.0,0.2,0.0,0.0,0.0,0.0,56865,0,0,0,0,3,BOX ELDER,2,East Box Elder County not WFRC,11,NA,8,NA,Balance of Box Elder County
3295,188,6.1,18.4,3.01,0.4,0.0,0.0,0.0,0.0,0.0,0.0,0.0,0.0,0.0,0.0,0.0,0.4,2.0,0.0,0.0,0.0,56865,0,0,0,0,3,BOX ELDER,2,East Box Elder County not WFRC,11,NA,8,NA,Balance of Box Elder County
3296,189,3.1,5.9,1.88,0.2,0.0,0.0,0.0,0.0,0.0,0.0,0.0,0.0,0.0,0.0,0.0,0.2,0.0,0.0,0.0,0.0,48265,0,0,0,0,3,BOX ELDER,2,East Box Elder County not WFRC,7,NA,9,NA,Balance of Box Elder County
3297,190,17.2,50.9,2.96,12.7,0.2,0.1,6.6,1.6,0.1,0.2,0.1,2.4,0.0,0.0,0.5,1.0,0.0,0.0,0.0,0.0,48265,0,0,0,0,3,BOX ELDER,2,East Box Elder County not WFRC,7,NA,9,NA,Balance of Box Elder County
3298,191,18.2,40.1,2.20,21.3,19.9,0.0,0.1,0.0,0.0,0.0,0.0,0.1,0.0,0.0,0.0,1.1,0.0,0.0,0.0,0.0,48265,0,0,0,0,3,BOX ELDER,2,East Box Elder County not WFRC,7,NA,9,NA,Balance of Box Elder County
3299,192,38.4,104.7,2.73,11.6,2.9,0.0,0.0,0.0,0.0,0.0,0.0,6.5,0.0,0.0,0.0,2.2,0.0,0.0,0.0,0.0,48265,0,0,0,0,3,BOX ELDER,2,East Box Elder County not WFRC,7,NA,9,NA,Balance of Box Elder County
3300,193,25.3,52.4,2.07,14.8,0.0,1.0,0.0,0.0,0.6,0.0,0.0,0.0,0.0,0.0,11.7,1.5,0.0,0.0,0.0,0.0,48265,0,0,0,0,3,BOX ELDER,2,East Box Elder County not WFRC,7,NA,9,NA,Balance of Box Elder County
3301,194,3.2,6.1,1.88,0.7,0.0,0.0,0.0,0.0,0.0,0.0,0.0,0.0,0.0,0.0,0.5,0.2,0.0,0.0,0.0,0.0,48265,0,0,0,0,3,BOX ELDER,2,East Box Elder County not WFRC,7,NA,9,NA,Balance of Box Elder County
3302,195,18.2,58.5,3.22,5.7,1.0,0.0,0.1,1.4,0.0,0.0,0.0,2.1,0.0,0.0,0.0,1.1,0.0,0.0,0.0,0.0,55022,0,0,0,0,3,BOX ELDER,2,East Box Elder County not WFRC,11,NA,8,NA,Balance of Box Elder County
3303,196,17.3,43.3,2.51,4.2,0.0,0.0,0.1,1.4,1.1,0.0,0.0,0.1,0.0,0.0,0.5,1.0,0.0,0.0,0.0,0.0,48265,0,0,0,0,3,BOX ELDER,2,East Box Elder County not WFRC,7,NA,9,NA,Balance of Box Elder County
3304,197,55.5,168.7,3.04,8.6,0.0,0.0,0.1,2.7,0.0,0.0,0.0,2.1,0.0,0.0,0.5,3.2,0.0,0.0,0.0,0.0,48265,0,0,0,0,3,BOX ELDER,2,East Box Elder County not WFRC,7,NA,9,NA,Balance of Box Elder County
3305,198,16.3,52.2,3.21,2.5,1.0,0.0,0.0,0.0,0.0,0.0,0.0,0.0,0.0,0.0,0.5,1.0,0.0,0.0,0.0,0.0,48265,0,0,0,0,3,BOX ELDER,2,East Box Elder County not WFRC,7,NA,9,NA,Balance of Box Elder County
3306,199,46.5,135.4,2.91,3.2,0.0,0.0,0.0,0.0,0.0,0.0,0.0,0.0,0.0,0.0,0.5,2.7,0.0,0.0,0.0,0.0,48265,0,0,0,0,3,BOX ELDER,2,East Box Elder County not WFRC,7,NA,9,NA,Balance of Box Elder County
3307,200,5.0,6.0,1.20,2.4,0.0,0.0,0.0,0.0,0.0,0.0,0.0,2.1,0.0,0.0,0.0,0.3,0.0,0.0,0.0,0.0,48265,0,0,0,0,3,BOX ELDER,2,East Box Elder County not WFRC,7,NA,9,NA,Balance of Box Elder County
3308,201,4.1,12.7,3.09,0.2,0.0,0.0,0.0,0.0,0.0,0.0,0.0,0.0,0.0,0.0,0.0,0.2,0.0,0.0,0.0,0.0,48265,0,0,0,0,3,BOX ELDER,2,East Box Elder County not WFRC,7,NA,9,NA,Balance of Box Elder County
3309,202,32.4,98.9,3.06,112.8,7.6,1.0,41.3,44.1,1.4,2.4,1.3,9.6,0.0,0.0,2.3,1.9,0.0,0.0,0.0,0.0,54389,0,0,0,0,3,BOX ELDER,2,East Box Elder County not WFRC,7,NA,9,NA,Balance of Box Elder County
3310,203,10.1,35.6,3.52,0.6,0.0,0.0,0.0,0.0,0.0,0.0,0.0,0.0,0.0,0.0,0.0,0.6,0.0,0.0,0.0,0.0,53540,0,0,0,0,3,BOX ELDER,2,East Box Elder County not WFRC,7,NA,10,NA,Balance of Box Elder County
3311,204,2.0,3.9,1.88,0.1,0.0,0.0,0.0,0.0,0.0,0.0,0.0,0.0,0.0,0.0,0.0,0.1,0.0,0.0,0.0,0.0,53540,0,0,0,0,3,BOX ELDER,2,East Box Elder County not WFRC,7,NA,9,NA,Balance of Box Elder County
3312,205,33.5,102.2,3.05,4.3,0.1,0.0,0.1,1.4,0.0,0.1,0.0,0.1,0.0,0.0,0.5,2.0,0.0,0.0,0.0,0.0,52913,0,0,0,0,3,BOX ELDER,2,East Box Elder County not WFRC,7,NA,9,NA,Balance of Box Elder County
3313,206,17.4,49.6,2.85,12.9,0.0,0.0,4.8,6.7,0.0,0.0,0.0,0.0,0.0,0.0,0.5,1.0,0.0,0.0,0.0,0.0,52913,0,0,0,0,3,BOX ELDER,2,East Box Elder County not WFRC,7,NA,9,NA,Balance of Box Elder County
3314,207,9.4,32.7,3.49,1.0,0.0,0.0,0.0,0.0,0.0,0.0,0.0,0.0,0.0,0.0,0.5,0.5,0.0,0.0,0.0,0.0,48265,0,0,0,0,3,BOX ELDER,2,East Box Elder County not WFRC,7,NA,9,NA,Balance of Box Elder County
3315,208,5.0,6.0,1.20,0.3,0.0,0.0,0.0,0.0,0.0,0.0,0.0,0.0,0.0,0.0,0.0,0.3,0.0,0.0,0.0,0.0,48265,0,0,0,0,3,BOX ELDER,2,East Box Elder County not WFRC,7,NA,9,NA,Balance of Box Elder County
3316,209,11.2,36.7,3.28,0.7,0.0,0.0,0.0,0.0,0.0,0.0,0.0,0.0,0.0,0.0,0.0,0.7,0.0,0.0,0.0,0.0,48265,0,0,0,0,3,BOX ELDER,2,East Box Elder County not WFRC,7,NA,9,NA,Balance of Box Elder County
3317,210,18.2,47.9,2.63,20.0,0.3,0.1,1.9,11.0,0.1,0.3,0.2,4.6,0.0,0.0,0.5,1.1,0.0,0.0,0.0,0.0,53540,0,0,0,0,3,BOX ELDER,2,East Box Elder County not WFRC,7,NA,11,NA,Balance of Box Elder County
3318,211,15.2,45.2,2.97,0.9,0.0,0.0,0.0,0.0,0.0,0.0,0.0,0.0,0.0,0.0,0.0,0.9,0.0,0.0,0.0,0.0,48265,0,0,0,0,3,BOX ELDER,2,East Box Elder County not WFRC,7,NA,11,NA,Balance of Box Elder County
3319,212,5.0,6.0,1.20,0.3,0.0,0.0,0.0,0.0,0.0,0.0,0.0,0.0,0.0,0.0,0.0,0.3,0.0,0.0,0.0,0.0,48265,0,0,0,0,3,BOX ELDER,2,East Box Elder County not WFRC,7,NA,11,NA,Balance of Box Elder County
3320,213,2.1,5.0,2.36,0.1,0.0,0.0,0.0,0.0,0.0,0.0,0.0,0.0,0.0,0.0,0.0,0.1,0.0,0.0,0.0,0.0,48265,0,0,0,0,3,BOX ELDER,2,East Box Elder County not WFRC,7,NA,11,NA,Balance of Box Elder County
3321,214,75.6,214.1,2.83,31.0,0.7,0.4,13.0,2.2,0.3,0.9,0.5,7.7,0.0,0.0,0.9,4.4,0.0,0.0,0.0,0.0,51161,0,0,0,0,3,BOX ELDER,2,East Box Elder County not WFRC,7,NA,11,NA,Balance of Box Elder County
3322,215,6.0,7.2,1.20,0.4,0.0,0.0,0.0,0.0,0.0,0.0,0.0,0.0,0.0,0.0,0.0,0.4,0.0,0.0,0.0,0.0,55022,0,0,0,0,3,BOX ELDER,2,East Box Elder County not WFRC,6,NA,15,NA,Balance of Box Elder County
3323,216,21.2,64.4,3.03,1.2,0.0,0.0,0.0,0.0,0.0,0.0,0.0,0.0,0.0,0.0,0.0,1.2,0.0,0.0,0.0,0.0,48265,0,0,0,0,3,BOX ELDER,2,East Box Elder County not WFRC,7,NA,11,NA,Balance of Box Elder County
3324,217,0.0,0.0,0.00,0.0,0.0,0.0,0.0,0.0,0.0,0.0,0.0,0.0,0.0,0.0,0.0,0.0,0.0,0.0,0.0,0.0,48265,0,0,0,0,3,BOX ELDER,2,East Box Elder County not WFRC,7,NA,11,NA,Balance of Box Elder County
3325,218,53.2,138.0,2.60,18.1,0.0,0.0,3.6,8.0,0.0,0.0,0.0,2.1,0.0,0.0,1.4,3.1,0.0,0.0,0.0,0.0,54181,0,0,0,0,3,BOX ELDER,2,East Box Elder County not WFRC,8,NA,16,NA,Balance of Box Elder County
3326,219,45.3,155.9,3.44,8.9,0.1,2.0,0.3,1.5,0.1,0.1,0.1,0.2,0.0,0.0,1.9,2.6,0.0,0.0,0.0,0.0,54181,0,0,0,0,3,BOX ELDER,2,East Box Elder County not WFRC,8,NA,16,NA,Balance of Box Elder County
3327,220,2.0,4.8,2.36,0.1,0.0,0.0,0.0,0.0,0.0,0.0,0.0,0.0,0.0,0.0,0.0,0.1,1.0,0.0,0.0,0.0,42202,0,0,0,0,3,BOX ELDER,3,West Box Elder County,14,NA,2,NA,Balance of Box Elder County
3328,221,4.0,4.8,1.20,0.2,0.0,0.0,0.0,0.0,0.0,0.0,0.0,0.0,0.0,0.0,0.0,0.2,3.0,0.0,0.0,0.0,42202,0,0,0,0,3,BOX ELDER,3,West Box Elder County,14,NA,2,NA,Balance of Box Elder County
3329,222,13.1,27.6,2.10,25.0,0.1,0.1,0.3,4.2,0.0,0.1,0.1,19.2,0.0,0.0,0.0,0.8,14.0,0.0,0.0,0.0,42202,0,0,0,0,3,BOX ELDER,3,West Box Elder County,13,NA,4,NA,Balance of Box Elder County
3330,223,5.1,6.6,1.30,4.2,0.0,0.0,0.0,3.9,0.0,0.0,0.0,0.0,0.0,0.0,0.0,0.3,3.0,0.0,0.0,0.0,54204,0,0,0,0,3,BOX ELDER,3,West Box Elder County,13,NA,3,NA,Balance of Box Elder County
3331,224,0.0,0.0,0.00,1017.3,5.9,0.0,919.8,0.0,0.0,78.0,0.8,12.9,0.0,0.0,0.0,0.0,0.0,0.0,0.0,0.0,54204,0,0,0,0,3,BOX ELDER,3,West Box Elder County,12,NA,5,NA,Balance of Box Elder County
3332,225,1.0,1.9,1.88,404.2,0.0,0.0,401.3,0.0,0.0,0.0,0.0,0.0,2.8,0.0,0.0,0.1,1.0,0.0,0.0,0.0,54204,0,0,0,0,3,BOX ELDER,3,West Box Elder County,12,NA,5,NA,Balance of Box Elder County
3333,226,166.1,583.4,3.51,86.1,0.0,0.0,68.4,5.5,1.1,0.0,0.0,0.0,0.0,0.0,1.4,9.7,0.0,0.0,0.0,0.0,54204,0,0,0,0,3,BOX ELDER,2,East Box Elder County not WFRC,8,NA,16,NA,Balance of Box Elder County
3334,227,32.4,126.6,3.90,20.2,0.0,0.0,9.9,1.4,4.4,0.0,0.0,2.1,0.0,0.0,0.5,1.9,0.0,0.0,0.0,0.0,54181,0,0,0,0,3,BOX ELDER,2,East Box Elder County not WFRC,8,NA,16,NA,Balance of Box Elder County
3335,228,14.8,49.2,3.33,1.8,0.0,0.0,0.0,0.0,0.0,0.0,0.0,0.0,0.0,0.0,0.9,0.9,0.0,0.0,0.0,0.0,54181,0,0,0,0,3,BOX ELDER,2,East Box Elder County not WFRC,8,NA,16,NA,Balance of Box Elder County
3336,229,19.7,73.6,3.74,4.5,0.0,0.0,0.1,0.0,0.0,0.0,0.0,2.2,0.0,0.0,0.9,1.1,0.0,0.0,0.0,0.0,54181,0,0,0,0,3,BOX ELDER,2,East Box Elder County not WFRC,8,NA,16,NA,Balance of Box Elder County
3337,230,11.3,29.3,2.58,1.2,0.0,0.0,0.0,0.0,0.0,0.0,0.0,0.0,0.0,0.0,0.5,0.7,0.0,0.0,0.0,0.0,54181,0,0,0,0,3,BOX ELDER,2,East Box Elder County not WFRC,8,NA,16,NA,Balance of Box Elder County
3338,231,79.3,238.1,3.00,41.4,0.0,0.0,0.0,30.1,0.0,0.0,3.8,2.0,0.0,0.0,0.9,4.6,0.0,0.0,0.0,0.0,54181,0,0,0,0,3,BOX ELDER,2,East Box Elder County not WFRC,8,NA,16,NA,Balance of Box Elder County
3339,232,10.0,12.0,1.20,0.6,0.0,0.0,0.0,0.0,0.0,0.0,0.0,0.0,0.0,0.0,0.0,0.6,0.0,0.0,0.0,0.0,54181,0,0,0,0,3,BOX ELDER,2,East Box Elder County not WFRC,8,NA,16,NA,Balance of Box Elder County
3340,233,7.2,24.4,3.40,0.4,0.0,0.0,0.0,0.0,0.0,0.0,0.0,0.0,0.0,0.0,0.0,0.4,0.0,0.0,0.0,0.0,54181,0,0,0,0,3,BOX ELDER,2,East Box Elder County not WFRC,8,NA,16,NA,Balance of Box Elder County
3341,234,13.1,46.2,3.51,1.8,1.0,0.0,0.0,0.0,0.0,0.0,0.0,0.0,0.0,0.0,0.0,0.8,0.0,0.0,0.0,0.0,54181,0,0,0,0,3,BOX ELDER,2,East Box Elder County not WFRC,8,NA,16,NA,Balance of Box Elder County
3342,235,44.3,126.2,2.85,12.8,0.0,0.0,0.1,0.0,0.0,0.0,0.0,4.3,5.7,0.0,0.0,2.6,0.0,0.0,0.0,0.0,54181,0,0,0,0,3,BOX ELDER,2,East Box Elder County not WFRC,8,NA,16,NA,Balance of Box Elder County
3343,236,29.3,92.1,3.15,1.7,0.0,0.0,0.0,0.0,0.0,0.0,0.0,0.0,0.0,0.0,0.0,1.7,0.0,0.0,0.0,0.0,54181,0,0,0,0,3,BOX ELDER,2,East Box Elder County not WFRC,8,NA,16,NA,Balance of Box Elder County
3344,237,0.0,0.0,0.00,0.0,0.0,0.0,0.0,0.0,0.0,0.0,0.0,0.0,0.0,0.0,0.0,0.0,0.0,0.0,0.0,0.0,54181,0,0,0,0,3,BOX ELDER,2,East Box Elder County not WFRC,8,NA,16,NA,Balance of Box Elder County
3345,238,5.0,6.0,1.20,73.9,0.3,0.2,0.8,4.5,0.1,0.4,0.2,66.6,0.0,0.0,0.5,0.3,0.0,0.0,0.0,0.0,54181,0,0,0,0,3,BOX ELDER,2,East Box Elder County not WFRC,8,NA,16,NA,Balance of Box Elder County
3346,239,15.2,44.1,2.91,13.3,0.0,0.0,0.0,4.1,0.0,0.0,0.0,8.4,0.0,0.0,0.0,0.9,0.0,0.0,0.0,0.0,54181,0,0,0,0,3,BOX ELDER,2,East Box Elder County not WFRC,8,NA,16,NA,Balance of Box Elder County
3347,240,10.2,30.9,3.04,4.9,0.0,0.0,0.0,0.0,0.0,0.0,0.0,4.3,0.0,0.0,0.0,0.6,0.0,0.0,0.0,0.0,63578,0,0,0,0,3,BOX ELDER,2,East Box Elder County not WFRC,8,NA,17,NA,Balance of Box Elder County
3348,241,12.3,35.0,2.85,1.2,0.0,0.0,0.0,0.0,0.0,0.0,0.0,0.0,0.0,0.0,0.5,0.7,0.0,0.0,0.0,0.0,63578,0,0,0,0,3,BOX ELDER,2,East Box Elder County not WFRC,8,NA,17,NA,Balance of Box Elder County
3349,242,9.1,20.0,2.20,0.5,0.0,0.0,0.0,0.0,0.0,0.0,0.0,0.0,0.0,0.0,0.0,0.5,0.0,0.0,0.0,0.0,54181,0,0,0,0,3,BOX ELDER,2,East Box Elder County not WFRC,8,NA,16,NA,Balance of Box Elder County
3350,243,5.2,15.9,3.04,0.8,0.0,0.0,0.0,0.0,0.0,0.0,0.0,0.0,0.0,0.0,0.5,0.3,0.0,0.0,0.0,0.0,54181,0,0,0,0,3,BOX ELDER,2,East Box Elder County not WFRC,8,NA,16,NA,Balance of Box Elder County
3351,244,0.0,0.0,0.00,0.0,0.0,0.0,0.0,0.0,0.0,0.0,0.0,0.0,0.0,0.0,0.0,0.0,0.0,0.0,0.0,0.0,55022,0,0,0,0,3,BOX ELDER,2,East Box Elder County not WFRC,6,NA,13,NA,Balance of Box Elder County
3352,245,5.1,20.2,4.00,1.9,0.0,0.0,0.1,1.3,0.0,0.0,0.0,0.1,0.0,0.0,0.0,0.3,0.0,0.0,0.0,0.0,54181,0,0,0,0,3,BOX ELDER,2,East Box Elder County not WFRC,8,NA,16,NA,Balance of Box Elder County
3353,246,1.0,1.9,1.88,0.1,0.0,0.0,0.0,0.0,0.0,0.0,0.0,0.0,0.0,0.0,0.0,0.1,1.0,0.0,0.0,0.0,54181,0,0,0,0,3,BOX ELDER,2,East Box Elder County not WFRC,8,NA,16,NA,Balance of Box Elder County
3354,247,7.1,18.2,2.57,64.8,0.3,0.2,0.7,13.4,0.1,0.4,0.2,0.5,48.2,0.0,0.5,0.4,0.0,0.0,0.0,0.0,54181,0,0,0,0,3,BOX ELDER,2,East Box Elder County not WFRC,8,NA,16,NA,Balance of Box Elder County
3355,248,9.1,24.0,2.63,0.5,0.0,0.0,0.0,0.0,0.0,0.0,0.0,0.0,0.0,0.0,0.0,0.5,0.0,0.0,0.0,0.0,63578,0,0,0,0,3,BOX ELDER,2,East Box Elder County not WFRC,8,NA,17,NA,Balance of Box Elder County
3356,249,6.1,17.3,2.85,0.4,0.0,0.0,0.0,0.0,0.0,0.0,0.0,0.0,0.0,0.0,0.0,0.4,1.0,0.0,0.0,0.0,63578,0,0,0,0,3,BOX ELDER,2,East Box Elder County not WFRC,8,NA,17,NA,Balance of Box Elder County
3357,250,7.2,23.4,3.26,0.4,0.0,0.0,0.0,0.0,0.0,0.0,0.0,0.0,0.0,0.0,0.0,0.4,0.0,0.0,0.0,0.0,63578,0,0,0,0,3,BOX ELDER,2,East Box Elder County not WFRC,8,NA,17,NA,Balance of Box Elder County
3358,251,16.4,59.3,3.63,3.6,0.0,0.0,0.0,0.0,0.0,0.0,0.0,2.1,0.0,0.0,0.5,1.0,0.0,0.0,0.0,0.0,63578,0,0,0,0,3,BOX ELDER,2,East Box Elder County not WFRC,8,NA,17,NA,Balance of Box Elder County
3359,252,0.0,0.0,0.00,0.0,0.0,0.0,0.0,0.0,0.0,0.0,0.0,0.0,0.0,0.0,0.0,0.0,0.0,0.0,0.0,0.0,55022,0,0,0,0,3,BOX ELDER,2,East Box Elder County not WFRC,6,NA,13,NA,Balance of Box Elder County
3360,253,6.0,14.3,2.36,0.4,0.0,0.0,0.0,0.0,0.0,0.0,0.0,0.0,0.0,0.0,0.0,0.4,0.0,0.0,0.0,0.0,55022,0,0,0,0,3,BOX ELDER,2,East Box Elder County not WFRC,6,NA,15,NA,Balance of Box Elder County
3361,254,4.0,10.5,2.60,0.2,0.0,0.0,0.0,0.0,0.0,0.0,0.0,0.0,0.0,0.0,0.0,0.2,0.0,0.0,0.0,0.0,54181,0,0,0,0,3,BOX ELDER,2,East Box Elder County not WFRC,8,NA,16,NA,Balance of Box Elder County
3362,255,6.1,15.3,2.52,2.2,0.1,0.0,0.1,1.4,0.0,0.1,0.0,0.1,0.0,0.0,0.0,0.4,1.0,0.0,0.0,0.0,54181,0,0,0,0,3,BOX ELDER,2,East Box Elder County not WFRC,8,NA,16,NA,Balance of Box Elder County
3363,256,3.1,4.8,1.56,0.2,0.0,0.0,0.0,0.0,0.0,0.0,0.0,0.0,0.0,0.0,0.0,0.2,0.0,0.0,0.0,0.0,63578,0,0,0,0,3,BOX ELDER,2,East Box Elder County not WFRC,8,NA,17,NA,Balance of Box Elder County
3364,257,0.0,0.0,0.00,202.2,8.3,3.4,132.7,22.2,3.8,8.0,4.4,11.1,0.0,0.0,8.4,0.0,0.0,0.0,0.0,0.0,46112,0,0,0,0,3,BOX ELDER,2,East Box Elder County not WFRC,8,NA,17,NA,Balance of Box Elder County
3365,258,3.1,5.9,1.88,0.2,0.0,0.0,0.0,0.0,0.0,0.0,0.0,0.0,0.0,0.0,0.0,0.2,0.0,0.0,0.0,0.0,63578,0,0,0,0,3,BOX ELDER,2,East Box Elder County not WFRC,8,NA,17,NA,Balance of Box Elder County
3366,259,4.1,11.7,2.85,0.2,0.0,0.0,0.0,0.0,0.0,0.0,0.0,0.0,0.0,0.0,0.0,0.2,0.0,0.0,0.0,0.0,63578,0,0,0,0,3,BOX ELDER,2,East Box Elder County not WFRC,8,NA,17,NA,Balance of Box Elder County
3367,260,2.1,6.0,2.85,0.1,0.0,0.0,0.0,0.0,0.0,0.0,0.0,0.0,0.0,0.0,0.0,0.1,0.0,0.0,0.0,0.0,63578,0,0,0,0,3,BOX ELDER,2,East Box Elder County not WFRC,8,NA,17,NA,Balance of Box Elder County
3368,261,3.1,8.9,2.85,0.2,0.0,0.0,0.0,0.0,0.0,0.0,0.0,0.0,0.0,0.0,0.0,0.2,0.0,0.0,0.0,0.0,63578,0,0,0,0,3,BOX ELDER,2,East Box Elder County not WFRC,8,NA,17,NA,Balance of Box Elder County
3369,262,4.1,8.7,2.12,0.2,0.0,0.0,0.0,0.0,0.0,0.0,0.0,0.0,0.0,0.0,0.0,0.2,0.0,0.0,0.0,0.0,63578,0,0,0,0,3,BOX ELDER,2,East Box Elder County not WFRC,8,NA,17,NA,Balance of Box Elder County
3370,263,0.0,0.0,0.00,0.0,0.0,0.0,0.0,0.0,0.0,0.0,0.0,0.0,0.0,0.0,0.0,0.0,0.0,0.0,0.0,0.0,63578,0,0,0,0,3,BOX ELDER,2,East Box Elder County not WFRC,8,NA,18,NA,Balance of Box Elder County
3371,264,51.5,145.4,2.82,20.3,0.2,0.1,0.4,2.9,0.1,0.2,0.1,13.0,0.0,0.0,0.5,3.0,0.0,0.0,0.0,0.0,62059,0,0,0,0,3,BOX ELDER,2,East Box Elder County not WFRC,8,NA,18,NA,Balance of Box Elder County
3376,265,1.0,4.8,4.78,19.5,0.6,0.3,1.5,0.7,0.3,0.8,0.4,13.9,0.0,0.0,0.9,0.1,0.0,0.0,0.0,0.0,54181,0,0,0,0,3,BOX ELDER,2,East Box Elder County not WFRC,8,NA,16,NA,Balance of Box Elder County
3377,266,0.0,0.0,0.00,0.0,0.0,0.0,0.0,0.0,0.0,0.0,0.0,0.0,0.0,0.0,0.0,0.0,0.0,0.0,0.0,0.0,54181,0,0,0,0,3,BOX ELDER,2,East Box Elder County not WFRC,8,NA,16,NA,Balance of Box Elder County
3378,267,6.1,26.1,4.29,0.4,0.0,0.0,0.0,0.0,0.0,0.0,0.0,0.0,0.0,0.0,0.0,0.4,0.0,0.0,0.0,0.0,54181,0,0,0,0,3,BOX ELDER,2,East Box Elder County not WFRC,8,NA,16,NA,Balance of Box Elder County
3379,268,7.1,25.0,3.54,0.4,0.0,0.0,0.0,0.0,0.0,0.0,0.0,0.0,0.0,0.0,0.0,0.4,0.0,0.0,0.0,0.0,46112,0,0,0,0,3,BOX ELDER,2,East Box Elder County not WFRC,8,NA,18,NA,Balance of Box Elder County
3380,269,2.1,5.0,2.36,0.1,0.0,0.0,0.0,0.0,0.0,0.0,0.0,0.0,0.0,0.0,0.0,0.1,1.0,0.0,0.0,0.0,46112,0,0,0,0,3,BOX ELDER,2,East Box Elder County not WFRC,8,NA,18,NA,Balance of Box Elder County
3381,270,3.0,5.7,1.88,3.1,0.0,0.0,0.1,2.6,0.0,0.0,0.0,0.1,0.0,0.0,0.0,0.2,0.0,0.0,0.0,0.0,54181,0,0,0,0,3,BOX ELDER,2,East Box Elder County not WFRC,8,NA,16,NA,Balance of Box Elder County
3382,271,5.1,9.6,1.88,0.3,0.0,0.0,0.0,0.0,0.0,0.0,0.0,0.0,0.0,0.0,0.0,0.3,0.0,0.0,0.0,0.0,54181,0,0,0,0,3,BOX ELDER,2,East Box Elder County not WFRC,8,NA,16,NA,Balance of Box Elder County
3383,272,4.1,18.7,4.53,0.2,0.0,0.0,0.0,0.0,0.0,0.0,0.0,0.0,0.0,0.0,0.0,0.2,0.0,0.0,0.0,0.0,46112,0,0,0,0,3,BOX ELDER,2,East Box Elder County not WFRC,8,NA,18,NA,Balance of Box Elder County
3384,273,4.1,12.8,3.09,0.2,0.0,0.0,0.0,0.0,0.0,0.0,0.0,0.0,0.0,0.0,0.0,0.2,0.0,0.0,0.0,0.0,46112,0,0,0,0,3,BOX ELDER,2,East Box Elder County not WFRC,8,NA,18,NA,Balance of Box Elder County
3385,274,4.2,10.8,2.60,0.2,0.0,0.0,0.0,0.0,0.0,0.0,0.0,0.0,0.0,0.0,0.0,0.2,0.0,0.0,0.0,0.0,46112,0,0,0,0,3,BOX ELDER,2,East Box Elder County not WFRC,8,NA,18,NA,Balance of Box Elder County
3386,275,58.6,197.1,3.36,3.9,0.0,0.0,0.0,0.0,0.0,0.0,0.0,0.0,0.0,0.0,0.5,3.4,0.0,0.0,0.0,0.0,46112,0,0,0,0,3,BOX ELDER,2,East Box Elder County not WFRC,8,NA,18,NA,Balance of Box Elder County
3394,276,13.1,24.6,1.88,0.8,0.0,0.0,0.0,0.0,0.0,0.0,0.0,0.0,0.0,0.0,0.0,0.8,2.0,0.0,0.0,0.0,54181,0,0,0,0,3,BOX ELDER,3,West Box Elder County,13,NA,4,NA,Balance of Box Elder County
3395,277,75.6,232.0,3.07,6.3,0.0,0.0,0.0,0.0,0.0,0.0,0.0,0.0,0.0,0.0,1.9,4.4,0.0,0.0,0.0,0.0,68477,0,0,0,0,3,BOX ELDER,2,East Box Elder County not WFRC,6,NA,15,NA,Balance of Box Elder County
3396,278,0.0,0.0,0.00,0.0,0.0,0.0,0.0,0.0,0.0,0.0,0.0,0.0,0.0,0.0,0.0,0.0,0.0,0.0,0.0,0.0,54181,0,0,0,0,3,BOX ELDER,2,East Box Elder County not WFRC,9,NA,19,NA,Balance of Box Elder County
3397,279,14.1,29.5,2.09,37.7,0.0,0.0,0.0,0.0,0.0,0.0,0.0,0.0,36.9,0.0,0.0,0.8,0.0,0.0,0.0,0.0,54181,0,0,0,0,3,BOX ELDER,2,East Box Elder County not WFRC,9,NA,19,NA,Balance of Box Elder County
3398,280,12.1,34.5,2.85,1.5,0.0,0.0,0.0,0.0,0.0,0.0,0.8,0.0,0.0,0.0,0.0,0.7,0.0,0.0,0.0,0.0,54181,0,0,0,0,3,BOX ELDER,2,East Box Elder County not WFRC,9,NA,19,NA,Balance of Box Elder County
3399,281,20.2,70.3,3.47,36.1,0.1,0.0,0.2,1.4,1.1,0.1,0.1,0.2,31.2,0.0,0.5,1.2,0.0,0.0,0.0,0.0,46112,0,0,0,0,3,BOX ELDER,2,East Box Elder County not WFRC,9,NA,19,NA,Balance of Box Elder County
3400,282,1.1,1.3,1.20,0.1,0.0,0.0,0.0,0.0,0.0,0.0,0.0,0.0,0.0,0.0,0.0,0.1,0.0,0.0,0.0,0.0,46112,0,0,0,0,3,BOX ELDER,2,East Box Elder County not WFRC,9,NA,19,NA,Balance of Box Elder County
3401,283,0.0,0.0,0.00,0.0,0.0,0.0,0.0,0.0,0.0,0.0,0.0,0.0,0.0,0.0,0.0,0.0,0.0,0.0,0.0,0.0,54181,0,0,0,0,3,BOX ELDER,2,East Box Elder County not WFRC,9,NA,19,NA,Balance of Box Elder County
3402,284,7.1,26.1,3.67,12.3,0.1,0.1,0.3,0.1,0.1,0.2,0.1,10.9,0.0,0.0,0.0,0.4,1.0,0.0,0.0,0.0,54181,0,0,0,0,3,BOX ELDER,2,East Box Elder County not WFRC,9,NA,19,NA,Balance of Box Elder County
3403,285,18.2,51.8,2.85,1.1,0.0,0.0,0.0,0.0,0.0,0.0,0.0,0.0,0.0,0.0,0.0,1.1,0.0,0.0,0.0,0.0,46112,0,0,0,0,3,BOX ELDER,2,East Box Elder County not WFRC,9,NA,19,NA,Balance of Box Elder County
3404,286,10.2,23.0,2.27,82.8,0.0,0.0,0.0,0.0,0.0,0.0,0.0,0.0,82.2,0.0,0.0,0.6,0.0,0.0,0.0,0.0,46112,0,0,0,0,3,BOX ELDER,2,East Box Elder County not WFRC,9,NA,19,NA,Balance of Box Elder County
3405,287,3.1,9.9,3.17,0.2,0.0,0.0,0.0,0.0,0.0,0.0,0.0,0.0,0.0,0.0,0.0,0.2,0.0,0.0,0.0,0.0,46112,0,0,0,0,3,BOX ELDER,2,East Box Elder County not WFRC,9,NA,19,NA,Balance of Box Elder County
3406,288,0.0,0.0,0.00,0.0,0.0,0.0,0.0,0.0,0.0,0.0,0.0,0.0,0.0,0.0,0.0,0.0,0.0,0.0,0.0,0.0,46112,0,0,0,0,3,BOX ELDER,2,East Box Elder County not WFRC,9,NA,19,NA,Balance of Box Elder County
3407,289,27.3,71.3,2.61,131.3,0.3,0.2,0.7,5.7,0.1,0.4,0.2,2.6,119.1,0.0,0.5,1.6,0.0,0.0,0.0,0.0,54181,0,0,0,0,3,BOX ELDER,2,East Box Elder County not WFRC,9,NA,19,NA,Balance of Box Elder County
3408,290,12.2,47.3,3.89,3.3,0.0,0.0,0.0,2.6,0.0,0.0,0.0,0.0,0.0,0.0,0.0,0.7,0.0,0.0,0.0,0.0,46112,0,0,0,0,3,BOX ELDER,2,East Box Elder County not WFRC,9,NA,19,NA,Balance of Box Elder County
3409,291,23.2,95.8,4.13,3.8,0.0,0.0,0.1,0.0,0.0,0.0,0.0,2.2,0.0,0.0,0.0,1.4,0.0,0.0,0.0,0.0,46112,0,0,0,0,3,BOX ELDER,2,East Box Elder County not WFRC,9,NA,19,NA,Balance of Box Elder County
3410,292,0.0,0.0,0.00,0.0,0.0,0.0,0.0,0.0,0.0,0.0,0.0,0.0,0.0,0.0,0.0,0.0,0.0,0.0,0.0,0.0,46112,0,0,0,0,3,BOX ELDER,2,East Box Elder County not WFRC,9,NA,19,NA,Balance of Box Elder County
3412,293,0.0,0.0,0.00,0.0,0.0,0.0,0.0,0.0,0.0,0.0,0.0,0.0,0.0,0.0,0.0,0.0,0.0,0.0,0.0,0.0,58870,0,0,0,0,3,BOX ELDER,2,East Box Elder County not WFRC,9,NA,19,NA,Balance of Box Elder County
3416,294,0.0,0.0,0.00,0.0,0.0,0.0,0.0,0.0,0.0,0.0,0.0,0.0,0.0,0.0,0.0,0.0,0.0,0.0,0.0,0.0,68477,0,0,0,0,3,BOX ELDER,2,East Box Elder County not WFRC,5,"Mantua, East Mountain",22,NA,Balance of Box Elder County
3417,295,12.1,34.3,2.85,43.9,10.4,0.3,10.2,0.6,0.2,0.7,8.4,11.8,0.0,0.0,0.5,0.7,1.0,0.0,0.0,0.0,60000,0,0,0,0,3,BOX ELDER,2,East Box Elder County not WFRC,5,"Mantua, East Mountain",25,NA,Balance of Box Elder County
3418,296,0.0,0.0,0.00,0.0,0.0,0.0,0.0,0.0,0.0,0.0,0.0,0.0,0.0,0.0,0.0,0.0,0.0,0.0,0.0,0.0,75963,0,0,0,0,3,BOX ELDER,2,East Box Elder County not WFRC,5,"Mantua, East Mountain",25,NA,Balance of Box Elder County
3419,297,0.0,0.0,0.00,0.0,0.0,0.0,0.0,0.0,0.0,0.0,0.0,0.0,0.0,0.0,0.0,0.0,0.0,0.0,0.0,0.0,54181,0,0,0,0,3,BOX ELDER,2,East Box Elder County not WFRC,9,NA,20,NA,Balance of Box Elder County
3420,298,0.0,0.0,0.00,0.0,0.0,0.0,0.0,0.0,0.0,0.0,0.0,0.0,0.0,0.0,0.0,0.0,0.0,0.0,0.0,0.0,58870,0,0,0,0,3,BOX ELDER,2,East Box Elder County not WFRC,9,NA,20,NA,Balance of Box Elder County
3422,299,0.0,0.0,0.00,0.0,0.0,0.0,0.0,0.0,0.0,0.0,0.0,0.0,0.0,0.0,0.0,0.0,0.0,0.0,0.0,0.0,53211,0,0,0,0,3,BOX ELDER,2,East Box Elder County not WFRC,10,NA,21,NA,Balance of Box Elder County
3423,300,0.0,0.0,0.00,0.0,0.0,0.0,0.0,0.0,0.0,0.0,0.0,0.0,0.0,0.0,0.0,0.0,0.0,0.0,0.0,0.0,42202,0,0,0,0,3,BOX ELDER,2,East Box Elder County not WFRC,10,NA,21,NA,Balance of Box Elder County
3424,301,0.0,0.0,0.00,0.0,0.0,0.0,0.0,0.0,0.0,0.0,0.0,0.0,0.0,0.0,0.0,0.0,0.0,0.0,0.0,0.0,42202,0,0,0,0,3,BOX ELDER,2,East Box Elder County not WFRC,10,NA,21,NA,Balance of Box Elder County
3437,302,0.0,0.0,0.00,8.6,0.0,0.0,0.0,0.0,0.0,0.0,0.0,8.6,0.0,0.0,0.0,0.0,0.0,0.0,0.0,0.0,42202,0,0,0,0,3,BOX ELDER,3,West Box Elder County,13,NA,99,NA,Balance of Box Elder County
30001,303,1.1,2.1,1.88,0.1,0.0,0.0,0.0,0.0,0.0,0.0,0.0,0.0,0.0,0.0,0.0,0.1,0.0,0.0,0.0,0.0,46112,0,0,0,1,3,BOX ELDER,1,WFRC - BE,1,North of Brigham City,1,NA,Balance of Box Elder County
30002,304,15.2,46.1,3.04,4.5,0.9,0.0,0.0,2.6,0.0,0.0,0.0,0.0,0.0,0.0,0.0,0.9,0.0,0.0,0.0,0.0,46112,0,0,0,1,3,BOX ELDER,1,WFRC - BE,1,North of Brigham City,1,NA,Balance of Box Elder County
30003,305,5.1,12.6,2.46,2.9,0.0,0.0,0.0,2.6,0.0,0.0,0.0,0.0,0.0,0.0,0.0,0.3,0.0,0.0,0.0,0.0,46112,0,0,0,1,3,BOX ELDER,1,WFRC - BE,1,North of Brigham City,1,NA,Balance of Box Elder County
30004,306,21.0,39.6,1.88,87.2,1.4,0.2,1.2,16.4,0.2,0.6,0.3,2.8,62.4,0.0,0.5,1.2,0.0,0.0,0.0,0.0,46112,0,0,0,1,3,BOX ELDER,1,WFRC - BE,1,North of Brigham City,1,NA,Balance of Box Elder County
30005,307,30.5,78.8,2.59,71.3,0.2,0.1,0.5,67.5,0.1,0.2,0.1,0.3,0.0,0.0,0.5,1.8,0.0,0.0,0.0,0.0,46112,0,0,0,1,3,BOX ELDER,1,WFRC - BE,1,North of Brigham City,1,NA,Balance of Box Elder County
30006,308,15.1,42.9,2.85,44.8,0.9,0.0,0.1,42.8,0.0,0.0,0.0,0.0,0.0,0.0,0.0,0.9,0.0,0.0,0.0,0.0,46112,0,0,0,1,3,BOX ELDER,1,WFRC - BE,1,North of Brigham City,1,NA,Balance of Box Elder County
30007,309,0.0,0.0,0.00,180.5,5.0,2.7,71.1,58.4,2.1,6.3,3.4,10.8,14.2,0.0,6.6,0.0,0.0,0.0,0.0,0.0,55022,0,0,0,1,3,BOX ELDER,1,WFRC - BE,1,North of Brigham City,2,NA,Brigham City
30008,310,0.0,0.0,0.00,0.0,0.0,0.0,0.0,0.0,0.0,0.0,0.0,0.0,0.0,0.0,0.0,0.0,0.0,0.0,0.0,0.0,55022,0,0,0,1,3,BOX ELDER,1,WFRC - BE,1,North of Brigham City,2,NA,Balance of Box Elder County
30009,311,12.1,48.2,3.97,0.7,0.0,0.0,0.0,0.0,0.0,0.0,0.0,0.0,0.0,0.0,0.0,0.7,0.0,0.0,0.0,0.0,55022,0,0,0,1,3,BOX ELDER,1,WFRC - BE,1,North of Brigham City,2,NA,Balance of Box Elder County
30010,312,55.7,163.9,2.94,14.6,2.0,0.0,0.2,0.1,0.0,0.1,1.7,6.6,0.0,0.0,0.5,3.3,0.0,0.0,0.0,0.0,57798,0,0,0,1,3,BOX ELDER,1,WFRC - BE,1,North of Brigham City,2,NA,Balance of Box Elder County
30011,313,37.5,120.3,3.21,9.4,0.1,0.1,0.4,1.5,3.3,0.2,0.9,0.2,0.0,0.0,0.5,2.2,0.0,0.0,0.0,0.0,57798,0,0,0,1,3,BOX ELDER,1,WFRC - BE,1,North of Brigham City,2,NA,Balance of Box Elder County
30012,314,6.1,11.5,1.88,55.2,3.7,0.0,2.4,30.4,0.0,0.0,0.0,6.1,0.0,0.0,12.2,0.4,0.0,0.0,0.0,0.0,57798,0,0,0,1,3,BOX ELDER,1,WFRC - BE,1,North of Brigham City,2,NA,Brigham City
30013,315,159.0,512.0,3.22,89.0,4.8,3.5,2.2,2.3,0.4,33.6,0.6,1.5,0.0,0.0,30.9,9.3,0.0,0.0,0.0,0.0,57798,0,0,0,1,3,BOX ELDER,1,WFRC - BE,1,North of Brigham City,2,NA,Brigham City
30014,316,6.1,12.5,2.04,0.4,0.0,0.0,0.0,0.0,0.0,0.0,0.0,0.0,0.0,0.0,0.0,0.4,1.0,0.0,0.0,0.0,54617,0,0,0,1,3,BOX ELDER,1,WFRC - BE,2,"Brigham City, Perry - West of",3,NA,Balance of Box Elder County
30015,317,6.5,14.3,2.21,5.5,0.0,0.0,0.0,0.0,0.0,0.0,0.0,0.0,0.0,0.0,5.1,0.4,0.0,0.0,0.0,0.0,58870,0,0,0,1,3,BOX ELDER,1,WFRC - BE,2,"Brigham City, Perry - West of",3,NA,Brigham City
30016,318,17.0,65.0,3.82,5.1,0.0,0.0,0.0,1.3,0.0,0.0,0.0,0.0,0.0,0.0,2.8,1.0,0.0,0.0,0.0,0.0,58870,0,0,0,1,3,BOX ELDER,1,WFRC - BE,2,"Brigham City, Perry - West of",3,NA,Brigham City
30017,319,0.0,0.0,0.00,0.0,0.0,0.0,0.0,0.0,0.0,0.0,0.0,0.0,0.0,0.0,0.0,0.0,0.0,0.0,0.0,0.0,58870,0,0,0,1,3,BOX ELDER,1,WFRC - BE,2,"Brigham City, Perry - West of",3,NA,Brigham City
30018,320,7.6,21.6,2.85,3.7,0.0,0.0,0.0,0.0,0.0,0.0,0.0,0.0,0.0,0.0,3.3,0.4,0.0,0.0,0.0,0.0,58870,0,0,0,1,3,BOX ELDER,1,WFRC - BE,2,"Brigham City, Perry - West of",4,NA,Brigham City
30019,321,0.0,0.0,0.00,8.2,0.0,0.0,0.0,0.0,0.0,8.2,0.0,0.0,0.0,0.0,0.0,0.0,0.0,0.0,0.0,0.0,58870,0,0,0,1,3,BOX ELDER,1,WFRC - BE,2,"Brigham City, Perry - West of",4,NA,Brigham City
30020,322,0.0,0.0,0.00,94.1,22.8,35.9,5.5,13.6,0.9,6.8,1.5,3.8,0.0,0.0,3.3,0.0,0.0,0.0,0.0,0.0,58870,0,0,0,1,3,BOX ELDER,1,WFRC - BE,2,"Brigham City, Perry - West of",4,NA,Perry
30021,323,0.0,0.0,0.00,0.0,0.0,0.0,0.0,0.0,0.0,0.0,0.0,0.0,0.0,0.0,0.0,0.0,0.0,0.0,0.0,0.0,58870,0,0,0,1,3,BOX ELDER,1,WFRC - BE,2,"Brigham City, Perry - West of",5,NA,Balance of Box Elder County
30022,324,0.0,0.0,0.00,0.0,0.0,0.0,0.0,0.0,0.0,0.0,0.0,0.0,0.0,0.0,0.0,0.0,0.0,0.0,0.0,0.0,58870,0,0,0,1,3,BOX ELDER,1,WFRC - BE,2,"Brigham City, Perry - West of",5,NA,Perry
30023,325,0.0,0.0,0.00,9.2,0.0,0.0,0.0,0.0,0.0,2.7,0.0,6.5,0.0,0.0,0.0,0.0,0.0,0.0,0.0,0.0,53211,0,0,0,1,3,BOX ELDER,1,WFRC - BE,2,"Brigham City, Perry - West of",5,NA,Willard
30024,326,0.0,0.0,0.00,0.0,0.0,0.0,0.0,0.0,0.0,0.0,0.0,0.0,0.0,0.0,0.0,0.0,0.0,0.0,0.0,0.0,53211,0,0,0,1,3,BOX ELDER,1,WFRC - BE,2,"Brigham City, Perry - West of",5,NA,Willard
30025,327,0.0,0.0,0.00,683.7,9.4,5.0,539.6,78.0,4.0,11.9,6.5,18.6,0.0,0.0,10.8,0.0,0.0,0.0,0.0,0.0,58870,0,0,0,1,3,BOX ELDER,1,WFRC - BE,3,"Brigham City, North Perry",6,NA,Brigham City
30026,328,0.0,0.0,0.00,0.0,0.0,0.0,0.0,0.0,0.0,0.0,0.0,0.0,0.0,0.0,0.0,0.0,0.0,0.0,0.0,0.0,58870,0,0,0,1,3,BOX ELDER,1,WFRC - BE,3,"Brigham City, North Perry",6,NA,Brigham City
30027,329,0.0,0.0,0.00,0.0,0.0,0.0,0.0,0.0,0.0,0.0,0.0,0.0,0.0,0.0,0.0,0.0,0.0,0.0,0.0,0.0,58870,0,0,0,1,3,BOX ELDER,1,WFRC - BE,3,"Brigham City, North Perry",6,NA,Brigham City
30028,330,6.1,11.5,1.88,23.3,0.6,0.3,1.5,0.7,0.3,0.8,0.4,5.3,0.0,0.0,13.1,0.4,0.0,0.0,0.0,0.0,58870,0,0,0,1,3,BOX ELDER,1,WFRC - BE,3,"Brigham City, North Perry",6,NA,Brigham City
30029,331,6.1,11.5,1.88,287.8,6.3,3.4,195.9,31.8,2.7,8.0,4.4,15.3,0.0,0.0,19.7,0.4,0.0,0.0,0.0,0.0,57798,0,0,0,1,3,BOX ELDER,1,WFRC - BE,3,"Brigham City, North Perry",7,NA,Brigham City
30030,332,12.2,23.0,1.88,118.1,11.7,2.1,41.1,15.4,1.7,5.1,2.8,7.0,0.0,0.0,30.4,0.7,0.0,0.0,0.0,0.0,57798,0,0,0,1,3,BOX ELDER,1,WFRC - BE,3,"Brigham City, North Perry",7,NA,Brigham City
30031,333,20.4,51.5,2.53,140.1,13.2,2.4,45.0,7.7,1.9,5.6,3.1,10.0,0.0,0.0,50.1,1.2,0.0,0.0,0.0,0.0,58870,0,0,0,1,3,BOX ELDER,1,WFRC - BE,3,"Brigham City, North Perry",7,NA,Brigham City
30032,334,1.5,2.9,1.88,2234.2,0.0,0.0,1484.0,0.0,698.3,45.4,1.6,4.3,0.0,0.0,0.5,0.1,1.0,0.0,0.0,0.0,58870,0,0,0,1,3,BOX ELDER,1,WFRC - BE,3,"Brigham City, North Perry",7,NA,Brigham City
30033,335,119.3,492.6,4.13,47.2,0.7,0.4,1.7,0.7,0.3,3.5,1.3,5.5,0.0,0.0,26.2,7.0,0.0,0.0,0.0,0.0,57798,0,0,0,1,3,BOX ELDER,1,WFRC - BE,3,"Brigham City, North Perry",8,NA,Brigham City
30034,336,295.6,860.5,2.91,206.3,2.6,0.4,1.7,20.2,0.3,96.0,31.6,26.9,0.0,0.0,9.4,17.3,0.0,0.0,0.0,0.0,47905,462,0,0,1,3,BOX ELDER,1,WFRC - BE,3,"Brigham City, North Perry",8,NA,Brigham City
30035,337,166.8,516.5,3.10,37.4,0.1,0.0,0.2,0.1,0.0,0.1,0.1,2.3,0.0,0.0,24.8,9.7,0.0,0.0,0.0,0.0,58870,0,0,0,1,3,BOX ELDER,1,WFRC - BE,3,"Brigham City, North Perry",8,NA,Brigham City
30036,338,316.4,811.1,2.56,76.9,3.0,0.0,1.3,2.8,6.7,1.4,17.5,25.6,0.0,0.0,0.0,18.5,0.0,0.0,0.0,0.0,32172,0,0,21,1,3,BOX ELDER,1,WFRC - BE,3,"Brigham City, North Perry",8,NA,Brigham City
30037,339,63.6,200.7,3.15,140.9,7.0,1.1,5.3,2.3,1.4,2.6,2.2,102.1,0.0,0.0,13.1,3.7,0.0,0.0,0.0,0.0,57626,0,0,0,1,3,BOX ELDER,1,WFRC - BE,3,"Brigham City, North Perry",8,NA,Brigham City
30038,340,338.6,870.6,2.57,248.1,21.2,8.3,1.7,16.1,21.6,58.5,26.0,74.0,0.0,0.0,0.9,19.8,0.0,0.0,0.0,0.0,40255,0,0,0,1,3,BOX ELDER,1,WFRC - BE,3,"Brigham City, North Perry",8,NA,Brigham City
30039,341,108.5,262.4,2.42,211.4,57.2,1.6,7.5,30.8,7.4,3.8,2.8,28.5,0.0,0.0,65.5,6.3,0.0,0.0,0.0,0.0,68477,0,0,0,1,3,BOX ELDER,1,WFRC - BE,3,"Brigham City, North Perry",9,NA,Brigham City
30040,342,175.6,393.6,2.24,207.9,18.0,0.2,0.9,6.0,0.2,44.8,60.3,56.4,0.0,0.0,10.8,10.3,0.0,0.0,0.0,0.0,40901,469,0,0,1,3,BOX ELDER,1,WFRC - BE,3,"Brigham City, North Perry",9,NA,Brigham City
30041,343,137.0,422.0,3.08,15.9,0.0,0.0,0.1,1.4,0.0,0.0,0.0,6.4,0.0,0.0,0.0,8.0,0.0,0.0,0.0,0.0,42920,0,0,0,1,3,BOX ELDER,1,WFRC - BE,3,"Brigham City, North Perry",9,NA,Brigham City
30042,344,199.1,553.8,2.78,173.9,2.9,15.8,85.1,0.0,3.4,0.0,0.0,49.4,0.0,0.0,5.6,11.6,0.0,0.0,0.0,0.0,33991,0,0,0,1,3,BOX ELDER,1,WFRC - BE,3,"Brigham City, North Perry",9,NA,Brigham City
30043,345,165.2,460.1,2.79,18.1,0.1,0.1,0.3,5.5,0.1,0.2,0.1,2.3,0.0,0.0,0.0,9.6,0.0,0.0,0.0,0.0,33659,0,0,0,1,3,BOX ELDER,1,WFRC - BE,3,"Brigham City, North Perry",9,NA,Brigham City
30044,346,115.8,297.7,2.57,333.0,131.6,5.4,25.5,13.8,8.8,12.7,23.0,92.8,0.0,0.0,12.6,6.8,0.0,0.0,0.0,0.0,30165,0,0,0,1,3,BOX ELDER,1,WFRC - BE,3,"Brigham City, North Perry",9,NA,Brigham City
30045,347,63.5,188.3,2.97,13.5,1.2,0.1,1.7,0.2,0.1,0.2,1.7,4.6,0.0,0.0,0.0,3.7,0.0,0.0,0.0,0.0,30165,0,0,0,1,3,BOX ELDER,1,WFRC - BE,3,"Brigham City, North Perry",9,NA,Brigham City
30046,348,196.3,543.1,2.77,784.1,85.7,22.5,16.7,13.9,25.3,282.1,47.4,277.7,0.0,0.0,1.4,11.5,0.0,0.0,0.0,0.0,43652,0,0,0,1,3,BOX ELDER,1,WFRC - BE,3,"Brigham City, North Perry",9,NA,Brigham City
30047,349,168.2,452.7,2.69,153.2,1.5,0.3,1.4,0.6,0.8,132.6,0.4,5.3,0.0,0.0,0.5,9.8,0.0,0.0,0.0,0.0,43652,509,173,263,1,3,BOX ELDER,1,WFRC - BE,3,"Brigham City, North Perry",9,NA,Brigham City
30048,350,96.7,306.5,3.17,7.3,1.1,0.0,0.2,0.1,0.0,0.1,0.1,0.1,0.0,0.0,0.0,5.6,0.0,0.0,0.0,0.0,68477,0,0,0,1,3,BOX ELDER,1,WFRC - BE,3,"Brigham City, North Perry",10,NA,Brigham City
30049,351,270.0,750.7,2.78,19.3,1.0,0.0,0.0,0.0,1.1,1.3,0.0,0.0,0.0,0.0,0.0,15.8,0.0,0.0,0.0,0.0,36440,0,0,0,1,3,BOX ELDER,1,WFRC - BE,3,"Brigham City, North Perry",10,NA,Brigham City
30050,352,85.6,232.7,2.72,9.3,0.0,0.0,0.0,0.0,0.0,0.0,0.0,4.3,0.0,0.0,0.0,5.0,0.0,0.0,0.0,0.0,68477,0,0,0,1,3,BOX ELDER,1,WFRC - BE,3,"Brigham City, North Perry",10,NA,Brigham City
30051,353,72.3,186.3,2.57,46.0,0.0,0.0,0.0,0.0,0.6,0.0,0.0,4.3,0.0,0.0,37.0,4.2,0.0,0.0,0.0,0.0,68477,0,0,0,1,3,BOX ELDER,1,WFRC - BE,3,"Brigham City, North Perry",10,NA,Brigham City
30052,354,150.1,388.2,2.59,62.2,0.4,0.2,0.9,1.8,0.7,15.2,26.7,7.1,0.0,0.0,0.5,8.8,0.0,0.0,0.0,0.0,36440,0,0,0,1,3,BOX ELDER,1,WFRC - BE,3,"Brigham City, North Perry",10,NA,Brigham City
30053,355,154.0,522.7,3.39,35.7,0.0,0.0,0.0,1.4,2.2,0.0,3.2,2.1,0.0,0.0,17.8,9.0,0.0,0.0,0.0,0.0,60482,0,0,0,1,3,BOX ELDER,1,WFRC - BE,3,"Brigham City, North Perry",10,NA,Brigham City
30054,356,97.6,280.8,2.88,13.0,1.4,0.2,1.0,0.4,0.2,0.5,0.3,2.8,0.0,0.0,0.5,5.7,0.0,0.0,0.0,0.0,59889,0,0,0,1,3,BOX ELDER,1,WFRC - BE,3,"Brigham City, North Perry",10,NA,Brigham City
30055,357,41.3,107.7,2.61,7.2,0.1,0.0,0.1,0.1,0.0,0.1,0.0,4.4,0.0,0.0,0.0,2.4,0.0,0.0,0.0,0.0,59889,0,0,0,1,3,BOX ELDER,1,WFRC - BE,3,"Brigham City, North Perry",10,NA,Brigham City
30056,358,82.6,274.5,3.32,44.6,2.0,1.0,23.7,2.2,0.8,2.5,1.4,3.4,0.0,0.0,2.8,4.8,0.0,0.0,0.0,0.0,59889,0,0,0,1,3,BOX ELDER,1,WFRC - BE,3,"Brigham City, North Perry",10,NA,Brigham City
30057,359,0.0,0.0,0.00,9.0,0.5,0.3,1.2,0.5,0.2,2.0,0.3,3.0,0.0,0.0,0.9,0.0,0.0,0.0,0.0,0.0,58870,0,0,0,1,3,BOX ELDER,1,WFRC - BE,3,"Brigham City, North Perry",11,NA,Brigham City
30058,360,24.9,54.8,2.21,358.3,13.8,4.3,35.3,26.9,10.7,139.0,53.5,20.4,0.0,0.0,52.9,1.5,0.0,0.0,0.0,0.0,58870,0,16,0,1,3,BOX ELDER,1,WFRC - BE,3,"Brigham City, North Perry",11,NA,Brigham City
30059,361,0.0,0.0,0.00,0.0,0.0,0.0,0.0,0.0,0.0,0.0,0.0,0.0,0.0,0.0,0.0,0.0,0.0,0.0,0.0,0.0,58870,0,0,0,1,3,BOX ELDER,1,WFRC - BE,3,"Brigham City, North Perry",11,NA,Brigham City
30060,362,0.0,0.0,0.00,0.0,0.0,0.0,0.0,0.0,0.0,0.0,0.0,0.0,0.0,0.0,0.0,0.0,0.0,0.0,0.0,0.0,58870,0,0,0,1,3,BOX ELDER,1,WFRC - BE,3,"Brigham City, North Perry",11,NA,Brigham City
30061,363,0.0,0.0,0.00,0.0,0.0,0.0,0.0,0.0,0.0,0.0,0.0,0.0,0.0,0.0,0.0,0.0,0.0,0.0,0.0,0.0,58870,0,0,0,1,3,BOX ELDER,1,WFRC - BE,3,"Brigham City, North Perry",11,NA,Brigham City
30062,364,21.6,82.4,3.82,138.3,0.7,0.4,16.5,17.3,0.8,0.9,51.0,13.9,0.0,0.0,35.6,1.3,0.0,0.0,0.0,0.0,44190,0,0,0,1,3,BOX ELDER,1,WFRC - BE,3,"Brigham City, North Perry",12,NA,Brigham City
30063,365,44.1,115.9,2.63,667.4,58.7,0.0,96.2,0.0,0.0,0.0,4.8,503.7,0.0,0.0,1.4,2.6,0.0,0.0,0.0,0.0,53099,0,0,0,1,3,BOX ELDER,1,WFRC - BE,3,"Brigham City, North Perry",12,NA,Brigham City
30064,366,229.7,608.9,2.65,755.4,92.4,30.5,17.4,53.9,21.6,164.0,73.5,284.5,0.0,0.0,4.2,13.4,0.0,0.0,0.0,0.0,53099,79,27,41,1,3,BOX ELDER,1,WFRC - BE,3,"Brigham City, North Perry",12,NA,Brigham City
30065,367,21.8,54.2,2.48,178.2,0.0,0.0,0.0,0.0,0.0,174.2,0.0,2.2,0.0,0.0,0.5,1.3,0.0,0.0,0.0,0.0,44190,0,0,1458,1,3,BOX ELDER,1,WFRC - BE,3,"Brigham City, North Perry",12,NA,Brigham City
30066,368,271.0,766.5,2.83,80.4,18.9,16.0,0.3,1.5,1.7,4.2,0.1,21.8,0.0,0.0,0.0,15.8,0.0,0.0,0.0,0.0,44190,0,0,0,1,3,BOX ELDER,1,WFRC - BE,3,"Brigham City, North Perry",12,NA,Brigham City
30067,369,133.4,315.8,2.37,207.9,0.0,0.0,0.0,0.0,0.0,0.0,4.0,119.8,0.0,0.0,76.3,7.8,0.0,0.0,0.0,0.0,39229,0,0,0,1,3,BOX ELDER,1,WFRC - BE,3,"Brigham City, North Perry",12,NA,Brigham City
30068,370,210.5,626.6,2.98,50.8,1.5,0.8,3.9,1.7,0.6,1.9,4.2,21.9,0.0,0.0,1.9,12.3,0.0,0.0,0.0,0.0,40753,0,0,0,1,3,BOX ELDER,1,WFRC - BE,3,"Brigham City, North Perry",12,NA,Brigham City
30069,371,225.6,677.3,3.00,170.6,36.1,50.7,6.5,1.7,2.4,2.0,3.5,52.5,0.0,0.0,1.9,13.2,0.0,0.0,0.0,0.0,39229,0,0,0,1,3,BOX ELDER,1,WFRC - BE,3,"Brigham City, North Perry",12,NA,Brigham City
30070,372,417.6,1083.2,2.59,1179.8,14.2,7.3,40.0,4.8,1.9,160.0,644.9,153.6,0.0,0.0,128.7,24.4,0.0,0.0,0.0,0.0,39229,0,973,0,1,3,BOX ELDER,1,WFRC - BE,3,"Brigham City, North Perry",12,NA,Brigham City
30071,373,588.5,1670.4,2.84,710.9,47.4,152.6,6.3,5.6,5.7,204.6,88.0,166.6,0.0,0.0,0.0,34.3,0.0,0.0,0.0,0.0,43542,563,0,0,1,3,BOX ELDER,1,WFRC - BE,3,"Brigham City, North Perry",12,NA,Brigham City
30072,374,142.0,381.0,2.68,116.5,32.3,0.0,1.2,5.6,0.0,0.0,4.8,64.3,0.0,0.0,0.0,8.3,0.0,0.0,0.0,0.0,41635,0,0,0,1,3,BOX ELDER,1,WFRC - BE,3,"Brigham City, North Perry",13,NA,Brigham City
30073,375,28.2,74.4,2.64,36.7,1.5,0.8,3.8,1.7,0.6,1.9,1.0,21.9,0.0,0.0,1.9,1.6,0.0,0.0,0.0,0.0,41635,0,0,0,1,3,BOX ELDER,1,WFRC - BE,3,"Brigham City, North Perry",13,NA,Brigham City
30074,376,89.5,320.1,3.58,81.4,0.0,0.0,0.0,1.4,0.0,0.0,0.0,74.8,0.0,0.0,0.0,5.2,0.0,0.0,0.0,0.0,38344,0,0,0,1,3,BOX ELDER,1,WFRC - BE,3,"Brigham City, North Perry",13,NA,Brigham City
30075,377,145.8,349.0,2.39,182.1,14.0,21.0,0.8,3.2,2.4,0.4,10.6,116.5,0.0,0.0,4.7,8.5,0.0,0.0,0.0,0.0,36294,0,0,0,1,3,BOX ELDER,1,WFRC - BE,3,"Brigham City, North Perry",13,NA,Brigham City
30076,378,170.4,434.1,2.55,59.3,0.0,0.0,0.0,0.0,0.6,10.8,20.0,12.9,0.0,0.0,5.1,9.9,0.0,0.0,0.0,0.0,37447,0,0,0,1,3,BOX ELDER,1,WFRC - BE,3,"Brigham City, North Perry",13,NA,Brigham City
30077,379,85.3,257.6,3.02,34.2,0.0,0.0,0.1,0.1,0.6,0.1,0.0,19.3,0.0,0.0,8.9,5.0,0.0,0.0,0.0,0.0,31244,0,0,0,1,3,BOX ELDER,1,WFRC - BE,3,"Brigham City, North Perry",13,NA,Brigham City
30078,380,9.1,31.7,3.49,0.5,0.0,0.0,0.0,0.0,0.0,0.0,0.0,0.0,0.0,0.0,0.0,0.5,0.0,0.0,0.0,0.0,31101,0,0,0,1,3,BOX ELDER,1,WFRC - BE,3,"Brigham City, North Perry",13,NA,Brigham City
30079,381,274.6,676.1,2.46,554.1,126.8,98.0,13.0,5.7,7.3,54.7,30.8,190.4,0.0,0.0,11.2,16.0,0.0,0.0,0.0,0.0,31101,381,0,0,1,3,BOX ELDER,1,WFRC - BE,3,"Brigham City, North Perry",13,NA,Brigham City
30080,382,0.0,0.0,0.00,0.0,0.0,0.0,0.0,0.0,0.0,0.0,0.0,0.0,0.0,0.0,0.0,0.0,0.0,0.0,0.0,0.0,77906,0,0,0,1,3,BOX ELDER,1,WFRC - BE,3,"Brigham City, North Perry",14,NA,Perry
30081,383,0.0,0.0,0.00,187.2,32.2,113.6,6.2,5.5,2.7,3.1,1.7,19.5,0.0,0.0,2.8,0.0,0.0,0.0,0.0,0.0,77906,0,0,0,1,3,BOX ELDER,1,WFRC - BE,3,"Brigham City, North Perry",14,NA,Brigham City
30082,384,0.0,0.0,0.00,246.3,47.9,6.8,3.8,5.9,0.6,136.0,14.8,28.6,0.0,0.0,1.9,0.0,0.0,0.0,0.0,0.0,77906,0,0,0,1,3,BOX ELDER,1,WFRC - BE,3,"Brigham City, North Perry",14,NA,Brigham City
30083,385,0.0,0.0,0.00,392.0,312.7,10.7,7.9,7.6,1.3,3.9,3.8,31.5,8.5,0.0,4.2,0.0,0.0,0.0,0.0,0.0,77906,0,0,0,1,3,BOX ELDER,1,WFRC - BE,3,"Brigham City, North Perry",14,NA,Perry
30084,386,60.2,200.3,3.33,217.1,26.7,47.4,7.7,4.7,24.5,59.3,2.1,24.8,0.0,0.0,16.4,3.5,0.0,0.0,0.0,0.0,77906,0,0,0,1,3,BOX ELDER,1,WFRC - BE,3,"Brigham City, North Perry",14,NA,Perry
30085,387,66.5,223.1,3.36,315.7,0.6,244.5,1.4,0.6,0.2,0.7,15.9,1.0,0.0,0.0,46.8,3.9,0.0,0.0,0.0,0.0,77906,0,0,0,1,3,BOX ELDER,1,WFRC - BE,3,"Brigham City, North Perry",14,NA,Perry
30086,388,0.0,0.0,0.00,0.0,0.0,0.0,0.0,0.0,0.0,0.0,0.0,0.0,0.0,0.0,0.0,0.0,0.0,0.0,0.0,0.0,60413,0,0,0,1,3,BOX ELDER,1,WFRC - BE,3,"Brigham City, North Perry",14,NA,Perry
30087,389,25.1,74.4,2.96,15.5,0.1,0.1,1.6,0.1,0.1,0.2,0.1,2.4,0.0,0.0,9.4,1.5,0.0,0.0,0.0,0.0,60413,0,0,0,1,3,BOX ELDER,1,WFRC - BE,3,"Brigham City, North Perry",14,NA,Perry
30088,390,227.6,822.7,3.61,100.4,1.5,3.8,3.7,3.0,1.2,40.9,17.9,13.3,0.0,0.0,1.9,13.3,0.0,0.0,0.0,0.0,60413,546,0,0,1,3,BOX ELDER,1,WFRC - BE,3,"Brigham City, North Perry",14,NA,Perry
30089,391,54.3,112.0,2.06,81.4,6.0,2.1,5.3,11.9,1.4,5.3,10.9,24.9,0.0,0.0,10.3,3.2,0.0,0.0,0.0,0.0,77906,0,0,0,1,3,BOX ELDER,1,WFRC - BE,3,"Brigham City, North Perry",15,NA,Brigham City
30090,392,162.3,475.3,2.93,69.6,1.4,0.7,3.5,1.5,1.1,1.7,9.7,30.2,0.0,0.0,10.3,9.5,0.0,0.0,0.0,0.0,77906,0,0,0,1,3,BOX ELDER,1,WFRC - BE,3,"Brigham City, North Perry",15,NA,Perry
30091,393,158.5,390.9,2.47,66.8,0.4,0.2,8.3,1.8,10.7,0.5,1.8,0.6,0.0,0.0,33.2,9.3,0.0,0.0,0.0,0.0,77906,0,0,0,1,3,BOX ELDER,1,WFRC - BE,3,"Brigham City, North Perry",15,NA,Perry
30092,394,206.4,566.0,2.74,32.4,1.5,4.2,1.3,1.9,0.2,0.6,2.7,5.2,0.0,0.0,2.8,12.0,0.0,0.0,0.0,0.0,77906,0,0,0,1,3,BOX ELDER,1,WFRC - BE,3,"Brigham City, North Perry",15,NA,Perry
30093,395,158.1,500.5,3.17,44.9,0.7,0.4,1.8,0.8,0.3,0.9,18.0,11.9,0.0,0.0,0.9,9.2,0.0,0.0,0.0,0.0,60413,0,0,0,1,3,BOX ELDER,1,WFRC - BE,3,"Brigham City, North Perry",15,NA,Perry
30094,396,0.0,0.0,0.00,0.0,0.0,0.0,0.0,0.0,0.0,0.0,0.0,0.0,0.0,0.0,0.0,0.0,0.0,0.0,0.0,0.0,69043,0,0,0,1,3,BOX ELDER,1,WFRC - BE,4,"South Perry, Willard",16,NA,Perry
30095,397,40.3,131.6,3.27,38.1,0.0,0.0,0.0,0.0,0.6,0.0,0.0,4.3,0.0,0.0,30.9,2.4,0.0,0.0,0.0,0.0,69043,0,0,0,1,3,BOX ELDER,1,WFRC - BE,4,"South Perry, Willard",16,NA,Perry
30096,398,78.0,232.2,2.98,96.0,0.0,4.0,1.3,0.0,0.0,69.4,0.0,2.2,0.0,0.0,14.5,4.6,0.0,0.0,0.0,0.0,69043,462,0,0,1,3,BOX ELDER,1,WFRC - BE,4,"South Perry, Willard",16,NA,Perry
30097,399,273.3,891.1,3.26,63.8,0.7,3.4,1.9,0.8,2.6,15.8,1.3,14.2,0.0,0.0,7.0,16.0,0.0,0.0,0.0,0.0,69043,0,0,0,1,3,BOX ELDER,1,WFRC - BE,4,"South Perry, Willard",16,NA,Perry
30098,400,0.0,0.0,0.00,0.0,0.0,0.0,0.0,0.0,0.0,0.0,0.0,0.0,0.0,0.0,0.0,0.0,0.0,0.0,0.0,0.0,69043,0,0,0,1,3,BOX ELDER,1,WFRC - BE,4,"South Perry, Willard",16,NA,Perry
30099,401,153.5,529.2,3.45,30.9,0.2,0.1,0.4,0.2,0.1,0.2,1.7,4.6,0.0,0.0,14.5,9.0,0.0,0.0,0.0,0.0,69043,0,0,0,1,3,BOX ELDER,1,WFRC - BE,4,"South Perry, Willard",16,NA,Perry
30100,402,47.4,131.6,2.78,33.8,0.1,1.0,0.1,0.1,0.0,0.1,0.0,0.1,0.0,0.0,29.5,2.8,0.0,0.0,0.0,0.0,53211,0,0,0,1,3,BOX ELDER,1,WFRC - BE,4,"South Perry, Willard",16,NA,Perry
30101,403,19.1,61.0,3.19,178.1,6.2,0.2,0.8,0.3,0.1,0.4,0.2,0.6,155.9,0.0,12.2,1.1,0.0,0.0,0.0,0.0,75963,0,0,0,1,3,BOX ELDER,1,WFRC - BE,4,"South Perry, Willard",16,NA,Perry
30102,404,0.0,0.0,0.00,0.0,0.0,0.0,0.0,0.0,0.0,0.0,0.0,0.0,0.0,0.0,0.0,0.0,0.0,0.0,0.0,0.0,53211,0,0,0,1,3,BOX ELDER,1,WFRC - BE,4,"South Perry, Willard",16,NA,Perry
30103,405,0.0,0.0,0.00,0.0,0.0,0.0,0.0,0.0,0.0,0.0,0.0,0.0,0.0,0.0,0.0,0.0,0.0,0.0,0.0,0.0,53211,0,0,0,1,3,BOX ELDER,1,WFRC - BE,4,"South Perry, Willard",16,NA,Willard
30104,406,35.2,109.5,3.11,49.4,0.0,0.0,0.0,0.0,0.0,0.0,0.0,0.0,0.0,0.0,47.3,2.1,0.0,0.0,0.0,0.0,53211,0,0,0,1,3,BOX ELDER,1,WFRC - BE,4,"South Perry, Willard",16,NA,Perry
30105,407,0.0,0.0,0.00,0.0,0.0,0.0,0.0,0.0,0.0,0.0,0.0,0.0,0.0,0.0,0.0,0.0,0.0,0.0,0.0,0.0,53211,0,0,0,1,3,BOX ELDER,1,WFRC - BE,4,"South Perry, Willard",17,NA,Willard
30106,408,24.0,70.6,2.94,7.0,0.0,0.0,0.0,0.0,0.0,0.0,0.0,0.0,0.0,0.0,5.6,1.4,0.0,0.0,0.0,0.0,53211,0,0,0,1,3,BOX ELDER,1,WFRC - BE,4,"South Perry, Willard",17,NA,Willard
30107,409,22.0,83.6,3.81,10.7,0.0,0.0,0.0,0.0,0.0,0.0,0.0,0.0,0.0,0.0,9.4,1.3,0.0,0.0,0.0,0.0,53211,0,0,0,1,3,BOX ELDER,1,WFRC - BE,4,"South Perry, Willard",17,NA,Willard
30108,410,35.0,109.1,3.11,7.7,0.0,0.0,0.0,1.3,0.0,0.0,0.0,0.0,0.0,0.0,4.2,2.0,0.0,0.0,0.0,0.0,75963,0,0,0,1,3,BOX ELDER,1,WFRC - BE,4,"South Perry, Willard",17,NA,Willard
30109,411,0.0,0.0,0.00,77.1,63.4,4.5,2.5,1.1,0.4,1.3,0.7,1.7,0.0,0.0,1.4,0.0,0.0,0.0,0.0,0.0,53211,0,0,0,1,3,BOX ELDER,1,WFRC - BE,4,"South Perry, Willard",17,NA,Willard
30110,412,19.9,53.7,2.69,16.9,0.2,0.1,10.6,0.3,0.1,0.3,0.2,2.5,0.0,0.0,1.4,1.2,0.0,0.0,0.0,0.0,53211,0,0,0,1,3,BOX ELDER,1,WFRC - BE,4,"South Perry, Willard",17,NA,Willard
30111,413,17.0,20.4,1.20,17.2,7.0,0.1,0.6,4.4,0.1,0.3,0.2,0.4,0.0,0.0,3.3,1.0,0.0,0.0,0.0,0.0,53211,0,0,0,1,3,BOX ELDER,1,WFRC - BE,4,"South Perry, Willard",17,NA,Willard
30112,414,6.2,25.3,4.05,4.1,0.0,0.0,0.0,0.0,0.0,0.0,0.0,0.0,0.0,0.0,3.7,0.4,0.0,0.0,0.0,0.0,75963,0,0,0,1,3,BOX ELDER,1,WFRC - BE,4,"South Perry, Willard",17,NA,Willard
30113,415,19.9,52.7,2.65,9.7,1.0,0.0,0.0,0.0,0.0,0.0,0.0,0.0,0.0,0.0,7.5,1.2,0.0,0.0,0.0,0.0,53211,0,0,0,1,3,BOX ELDER,1,WFRC - BE,4,"South Perry, Willard",18,NA,Willard
30114,416,42.7,135.1,3.16,11.7,0.1,0.0,0.2,1.4,0.0,0.1,0.0,2.2,0.0,2.7,2.3,2.5,0.0,0.0,0.0,0.0,53211,0,0,0,1,3,BOX ELDER,1,WFRC - BE,4,"South Perry, Willard",18,NA,Willard
30115,417,15.1,49.7,3.28,8.7,1.0,0.0,0.1,0.0,0.0,0.0,0.0,0.0,0.0,0.0,6.6,0.9,1.0,0.0,0.0,0.0,75963,0,0,0,1,3,BOX ELDER,1,WFRC - BE,4,"South Perry, Willard",18,NA,Willard
30116,418,40.9,76.9,1.88,14.6,0.0,0.0,0.0,0.0,0.0,0.0,0.0,0.0,0.0,0.0,12.2,2.4,0.0,0.0,0.0,0.0,53211,0,0,0,1,3,BOX ELDER,1,WFRC - BE,4,"South Perry, Willard",18,NA,Willard
30117,419,62.5,174.4,2.79,66.1,1.0,0.0,0.0,0.0,2.3,57.1,0.0,2.2,0.0,0.0,0.0,3.6,0.0,0.0,0.0,0.0,53211,265,0,0,1,3,BOX ELDER,1,WFRC - BE,4,"South Perry, Willard",18,NA,Willard
30118,420,173.2,427.5,2.47,26.6,2.0,0.0,6.4,1.5,0.0,0.1,0.1,4.4,0.0,0.0,1.9,10.1,0.0,0.0,0.0,0.0,75963,0,0,0,1,3,BOX ELDER,1,WFRC - BE,4,"South Perry, Willard",18,NA,Willard
30119,421,85.7,230.0,2.68,5.0,0.0,0.0,0.0,0.0,0.0,0.0,0.0,0.0,0.0,0.0,0.0,5.0,0.0,0.0,0.0,0.0,53211,0,0,0,1,3,BOX ELDER,1,WFRC - BE,4,"South Perry, Willard",18,NA,Willard
30120,422,60.4,180.3,2.98,11.6,0.0,0.0,0.0,6.6,0.0,0.0,1.5,0.0,0.0,0.0,0.0,3.5,0.0,0.0,0.0,0.0,53211,0,0,0,1,3,BOX ELDER,1,WFRC - BE,4,"South Perry, Willard",18,NA,Willard
30121,423,59.9,172.2,2.88,9.5,0.0,0.0,1.3,0.0,0.0,0.0,0.8,0.0,0.0,0.0,3.7,3.5,0.0,0.0,0.0,0.0,75963,0,0,0,1,3,BOX ELDER,1,WFRC - BE,4,"South Perry, Willard",18,NA,Willard
30122,424,9.4,11.3,1.20,8.5,0.0,0.0,0.0,0.0,0.0,0.0,0.0,0.0,0.0,0.0,8.0,0.5,0.0,0.0,0.0,0.0,53211,0,0,0,1,3,BOX ELDER,1,WFRC - BE,4,"South Perry, Willard",18,NA,Willard
30123,425,55.4,168.6,3.04,14.1,0.0,0.0,0.0,0.0,0.6,0.0,0.0,0.0,0.0,0.0,10.3,3.2,0.0,0.0,0.0,0.0,75963,0,0,0,1,3,BOX ELDER,1,WFRC - BE,4,"South Perry, Willard",18,NA,Willard
30124,426,124.5,389.3,3.13,24.9,0.3,0.2,0.7,0.3,0.7,0.4,0.2,6.9,0.0,0.0,8.0,7.3,0.0,0.0,0.0,0.0,53211,0,0,0,1,3,BOX ELDER,1,WFRC - BE,4,"South Perry, Willard",19,NA,Balance of Box Elder County
30125,427,59.0,192.2,3.26,99.4,13.2,0.2,6.1,0.5,1.9,0.5,0.3,5.1,42.5,0.0,25.7,3.4,0.0,0.0,0.0,0.0,75963,0,0,0,1,3,BOX ELDER,1,WFRC - BE,4,"South Perry, Willard",19,NA,Balance of Box Elder County
30126,428,153.0,532.7,3.48,52.7,2.2,0.1,11.8,0.2,0.7,0.3,2.5,6.8,0.0,0.0,19.2,8.9,0.0,0.0,0.0,0.0,53211,0,0,0,1,3,BOX ELDER,1,WFRC - BE,4,"South Perry, Willard",19,NA,Balance of Box Elder County
30127,429,170.9,561.3,3.28,81.1,5.2,0.2,0.8,0.4,1.3,0.4,0.2,9.2,0.0,0.0,53.4,10.0,0.0,0.0,0.0,0.0,75963,0,0,0,1,3,BOX ELDER,1,WFRC - BE,4,"South Perry, Willard",19,NA,Balance of Box Elder County
30128,430,93.3,217.4,2.33,175.2,5.3,0.8,22.1,24.8,0.6,12.4,1.0,4.7,0.0,13.5,84.7,5.4,0.0,0.0,0.0,0.0,69896,0,0,0,1,3,BOX ELDER,1,WFRC - BE,4,"South Perry, Willard",19,NA,Balance of Box Elder County
30129,431,45.5,118.6,2.60,10.7,0.0,0.0,0.0,0.0,0.0,0.0,0.0,0.0,0.0,0.0,8.0,2.7,0.0,0.0,0.0,0.0,53211,0,0,0,1,3,BOX ELDER,1,WFRC - BE,4,"South Perry, Willard",19,NA,Balance of Box Elder County
30130,432,3.1,10.0,3.17,0.2,0.0,0.0,0.0,0.0,0.0,0.0,0.0,0.0,0.0,0.0,0.0,0.2,0.0,0.0,0.0,0.0,53211,0,0,0,1,3,BOX ELDER,1,WFRC - BE,4,"South Perry, Willard",20,NA,Balance of Box Elder County
30131,433,2.3,6.6,2.85,11.3,0.0,0.0,0.0,0.0,0.0,0.0,0.0,10.7,0.0,0.0,0.5,0.1,0.0,0.0,0.0,0.0,53211,0,0,0,1,3,BOX ELDER,1,WFRC - BE,4,"South Perry, Willard",20,NA,Balance of Box Elder County
30132,434,1.1,4.3,3.81,25.9,0.0,0.0,0.0,25.8,0.0,0.0,0.0,0.0,0.0,0.0,0.0,0.1,0.0,0.0,0.0,0.0,53211,0,0,0,1,3,BOX ELDER,1,WFRC - BE,4,"South Perry, Willard",20,NA,Balance of Box Elder County
30133,435,4.1,15.8,3.81,0.2,0.0,0.0,0.0,0.0,0.0,0.0,0.0,0.0,0.0,0.0,0.0,0.2,0.0,0.0,0.0,0.0,53211,0,0,0,1,3,BOX ELDER,1,WFRC - BE,4,"South Perry, Willard",20,NA,Balance of Box Elder County
30134,436,1.1,2.1,1.88,0.1,0.0,0.0,0.0,0.0,0.0,0.0,0.0,0.0,0.0,0.0,0.0,0.1,0.0,0.0,0.0,0.0,53211,0,0,0,1,3,BOX ELDER,1,WFRC - BE,4,"South Perry, Willard",20,NA,Balance of Box Elder County
30135,437,0.0,0.0,0.00,0.0,0.0,0.0,0.0,0.0,0.0,0.0,0.0,0.0,0.0,0.0,0.0,0.0,0.0,0.0,0.0,0.0,53211,0,0,0,1,3,BOX ELDER,1,WFRC - BE,4,"South Perry, Willard",20,NA,Balance of Box Elder County
