Token,File,Matrix,TimePeriod,name
SOV_TIME,skm_auto_Pk.mtx.omx,ivt_GP,AM,SOV_TIME__AM
SOV_DIST,skm_auto_Pk.mtx.omx,dist_GP,AM,SOV_DIST__AM
SOV_BTOLL,skm_auto_Pk.mtx.omx,Fee_Tol_DA,AM,SOV_BTOLL__AM
HOV2_TIME,skm_auto_Pk.mtx.omx,ivt_HOV_S2,AM,HOV2_TIME__AM
HOV2_DIST,skm_auto_Pk.mtx.omx,dist_HOV_S2,AM,HOV2_DIST__AM
HOV2_BTOLL,skm_auto_Pk.mtx.omx,Fee_Tol_DA,AM,HOV2_BTOLL__AM
HOV3_TIME,skm_auto_Pk.mtx.omx,ivt_HOV_S3,AM,HOV3_TIME__AM
HOV3_DIST,skm_auto_Pk.mtx.omx,dist_HOV_S3,AM,HOV3_DIST__AM
HOV3_BTOLL,skm_auto_Pk.mtx.omx,Fee_Tol_DA,AM,HOV3_BTOLL__AM
SOVTOLL_TIME,skm_auto_Pk.mtx.omx,ivt_Tol_DA,AM,SOVTOLL_TIME__AM
SOVTOLL_DIST,skm_auto_Pk.mtx.omx,dist_Tol_DA,AM,SOVTOLL_DIST__AM
SOVTOLL_BTOLL,skm_auto_Pk.mtx.omx,Fee_Tol_DA,AM,SOVTOLL_BTOLL__AM
SOVTOLL_VTOLL,skm_auto_Pk.mtx.omx,Fee_Tol_DA,AM,SOVTOLL_VTOLL__AM
HOV2TOLL_TIME,skm_auto_Pk.mtx.omx,ivt_Tol_S2,AM,HOV2TOLL_TIME__AM
HOV2TOLL_DIST,skm_auto_Pk.mtx.omx,dist_Tol_S2,AM,HOV2TOLL_DIST__AM
HOV2TOLL_BTOLL,skm_auto_Pk.mtx.omx,Fee_Tol_DA,AM,HOV2TOLL_BTOLL__AM
HOV2TOLL_VTOLL,skm_auto_Pk.mtx.omx,Fee_Tol_S2,AM,HOV2TOLL_VTOLL__AM
HOV3TOLL_TIME,skm_auto_Pk.mtx.omx,ivt_Tol_S3,AM,HOV3TOLL_TIME__AM
HOV3TOLL_DIST,skm_auto_Pk.mtx.omx,dist_Tol_S3,AM,HOV3TOLL_DIST__AM
HOV3TOLL_BTOLL,skm_auto_Pk.mtx.omx,Fee_Tol_DA,AM,HOV3TOLL_BTOLL__AM
HOV3TOLL_VTOLL,skm_auto_Pk.mtx.omx,Fee_Tol_S3,AM,HOV3TOLL_VTOLL__AM
SOV_TIME,skm_auto_Ok.mtx.omx,ivt_GP,EA,SOV_TIME__EA
SOV_DIST,skm_auto_Ok.mtx.omx,dist_GP,EA,SOV_DIST__EA
SOV_BTOLL,skm_auto_Pk.mtx.omx,Fee_Tol_DA,EA,SOV_BTOLL__EA
HOV2_TIME,skm_auto_Ok.mtx.omx,ivt_HOV_S2,EA,HOV2_TIME__EA
HOV2_DIST,skm_auto_Ok.mtx.omx,dist_HOV_S2,EA,HOV2_DIST__EA
HOV2_BTOLL,skm_auto_Pk.mtx.omx,Fee_Tol_DA,EA,HOV2_BTOLL__EA
HOV3_TIME,skm_auto_Ok.mtx.omx,ivt_HOV_S3,EA,HOV3_TIME__EA
HOV3_DIST,skm_auto_Ok.mtx.omx,dist_HOV_S3,EA,HOV3_DIST__EA
HOV3_BTOLL,skm_auto_Pk.mtx.omx,Fee_Tol_DA,EA,HOV3_BTOLL__EA
SOVTOLL_TIME,skm_auto_Ok.mtx.omx,ivt_Tol_DA,EA,SOVTOLL_TIME__EA
SOVTOLL_DIST,skm_auto_Ok.mtx.omx,dist_Tol_DA,EA,SOVTOLL_DIST__EA
SOVTOLL_BTOLL,skm_auto_Pk.mtx.omx,Fee_Tol_DA,EA,SOVTOLL_BTOLL__EA
SOVTOLL_VTOLL,skm_auto_Ok.mtx.omx,Fee_Tol_DA,EA,SOVTOLL_VTOLL__EA
HOV2TOLL_TIME,skm_auto_Ok.mtx.omx,ivt_Tol_S2,EA,HOV2TOLL_TIME__EA
HOV2TOLL_DIST,skm_auto_Ok.mtx.omx,dist_Tol_S2,EA,HOV2TOLL_DIST__EA
HOV2TOLL_BTOLL,skm_auto_Pk.mtx.omx,Fee_Tol_DA,EA,HOV2TOLL_BTOLL__EA
HOV2TOLL_VTOLL,skm_auto_Ok.mtx.omx,Fee_Tol_S2,EA,HOV2TOLL_VTOLL__EA
HOV3TOLL_TIME,skm_auto_Ok.mtx.omx,ivt_Tol_S3,EA,HOV3TOLL_TIME__EA
HOV3TOLL_DIST,skm_auto_Ok.mtx.omx,dist_Tol_S3,EA,HOV3TOLL_DIST__EA
HOV3TOLL_BTOLL,skm_auto_Pk.mtx.omx,Fee_Tol_DA,EA,HOV3TOLL_BTOLL__EA
HOV3TOLL_VTOLL,skm_auto_Ok.mtx.omx,Fee_Tol_S3,EA,HOV3TOLL_VTOLL__EA
SOV_TIME,skm_auto_Ok.mtx.omx,ivt_GP,EV,SOV_TIME__EV
SOV_DIST,skm_auto_Ok.mtx.omx,dist_GP,EV,SOV_DIST__EV
SOV_BTOLL,skm_auto_Pk.mtx.omx,Fee_Tol_DA,EV,SOV_BTOLL__EV
HOV2_TIME,skm_auto_Ok.mtx.omx,ivt_HOV_S2,EV,HOV2_TIME__EV
HOV2_DIST,skm_auto_Ok.mtx.omx,dist_HOV_S2,EV,HOV2_DIST__EV
HOV2_BTOLL,skm_auto_Pk.mtx.omx,Fee_Tol_DA,EV,HOV2_BTOLL__EV
HOV3_TIME,skm_auto_Ok.mtx.omx,ivt_HOV_S3,EV,HOV3_TIME__EV
HOV3_DIST,skm_auto_Ok.mtx.omx,dist_HOV_S3,EV,HOV3_DIST__EV
HOV3_BTOLL,skm_auto_Pk.mtx.omx,Fee_Tol_DA,EV,HOV3_BTOLL__EV
SOVTOLL_TIME,skm_auto_Ok.mtx.omx,ivt_Tol_DA,EV,SOVTOLL_TIME__EV
SOVTOLL_DIST,skm_auto_Ok.mtx.omx,dist_Tol_DA,EV,SOVTOLL_DIST__EV
SOVTOLL_BTOLL,skm_auto_Pk.mtx.omx,Fee_Tol_DA,EV,SOVTOLL_BTOLL__EV
SOVTOLL_VTOLL,skm_auto_Ok.mtx.omx,Fee_Tol_DA,EV,SOVTOLL_VTOLL__EV
HOV2TOLL_TIME,skm_auto_Ok.mtx.omx,ivt_Tol_S2,EV,HOV2TOLL_TIME__EV
HOV2TOLL_DIST,skm_auto_Ok.mtx.omx,dist_Tol_S2,EV,HOV2TOLL_DIST__EV
HOV2TOLL_BTOLL,skm_auto_Pk.mtx.omx,Fee_Tol_DA,EV,HOV2TOLL_BTOLL__EV
HOV2TOLL_VTOLL,skm_auto_Ok.mtx.omx,Fee_Tol_S2,EV,HOV2TOLL_VTOLL__EV
HOV3TOLL_TIME,skm_auto_Ok.mtx.omx,ivt_Tol_S3,EV,HOV3TOLL_TIME__EV
HOV3TOLL_DIST,skm_auto_Ok.mtx.omx,dist_Tol_S3,EV,HOV3TOLL_DIST__EV
HOV3TOLL_BTOLL,skm_auto_Pk.mtx.omx,Fee_Tol_DA,EV,HOV3TOLL_BTOLL__EV
HOV3TOLL_VTOLL,skm_auto_Ok.mtx.omx,Fee_Tol_S3,EV,HOV3TOLL_VTOLL__EV
SOV_TIME,skm_auto_Ok.mtx.omx,ivt_GP,MD,SOV_TIME__MD
SOV_DIST,skm_auto_Ok.mtx.omx,dist_GP,MD,SOV_DIST__MD
SOV_BTOLL,skm_auto_Pk.mtx.omx,Fee_Tol_DA,MD,SOV_BTOLL__MD
HOV2_TIME,skm_auto_Ok.mtx.omx,ivt_HOV_S2,MD,HOV2_TIME__MD
HOV2_DIST,skm_auto_Ok.mtx.omx,dist_HOV_S2,MD,HOV2_DIST__MD
HOV2_BTOLL,skm_auto_Pk.mtx.omx,Fee_Tol_DA,MD,HOV2_BTOLL__MD
HOV3_TIME,skm_auto_Ok.mtx.omx,ivt_HOV_S3,MD,HOV3_TIME__MD
HOV3_DIST,skm_auto_Ok.mtx.omx,dist_HOV_S3,MD,HOV3_DIST__MD
HOV3_BTOLL,skm_auto_Pk.mtx.omx,Fee_Tol_DA,MD,HOV3_BTOLL__MD
SOVTOLL_TIME,skm_auto_Ok.mtx.omx,ivt_Tol_DA,MD,SOVTOLL_TIME__MD
SOVTOLL_DIST,skm_auto_Ok.mtx.omx,dist_Tol_DA,MD,SOVTOLL_DIST__MD
SOVTOLL_BTOLL,skm_auto_Pk.mtx.omx,Fee_Tol_DA,MD,SOVTOLL_BTOLL__MD
SOVTOLL_VTOLL,skm_auto_Ok.mtx.omx,Fee_Tol_DA,MD,SOVTOLL_VTOLL__MD
HOV2TOLL_TIME,skm_auto_Ok.mtx.omx,ivt_Tol_S2,MD,HOV2TOLL_TIME__MD
HOV2TOLL_DIST,skm_auto_Ok.mtx.omx,dist_Tol_S2,MD,HOV2TOLL_DIST__MD
HOV2TOLL_BTOLL,skm_auto_Pk.mtx.omx,Fee_Tol_DA,MD,HOV2TOLL_BTOLL__MD
HOV2TOLL_VTOLL,skm_auto_Ok.mtx.omx,Fee_Tol_S2,MD,HOV2TOLL_VTOLL__MD
HOV3TOLL_TIME,skm_auto_Ok.mtx.omx,ivt_Tol_S3,MD,HOV3TOLL_TIME__MD
HOV3TOLL_DIST,skm_auto_Ok.mtx.omx,dist_Tol_S3,MD,HOV3TOLL_DIST__MD
HOV3TOLL_BTOLL,skm_auto_Pk.mtx.omx,Fee_Tol_DA,MD,HOV3TOLL_BTOLL__MD
HOV3TOLL_VTOLL,skm_auto_Ok.mtx.omx,Fee_Tol_S3,MD,HOV3TOLL_VTOLL__MD
SOV_TIME,skm_auto_Pk.mtx.omx,ivt_GP,PM,SOV_TIME__PM
SOV_DIST,skm_auto_Pk.mtx.omx,dist_GP,PM,SOV_DIST__PM
SOV_BTOLL,skm_auto_Pk.mtx.omx,Fee_Tol_DA,PM,SOV_BTOLL__PM
HOV2_TIME,skm_auto_Pk.mtx.omx,ivt_HOV_S2,PM,HOV2_TIME__PM
HOV2_DIST,skm_auto_Pk.mtx.omx,dist_HOV_S2,PM,HOV2_DIST__PM
HOV2_BTOLL,skm_auto_Pk.mtx.omx,Fee_Tol_DA,PM,HOV2_BTOLL__PM
HOV3_TIME,skm_auto_Pk.mtx.omx,ivt_HOV_S3,PM,HOV3_TIME__PM
HOV3_DIST,skm_auto_Pk.mtx.omx,dist_HOV_S3,PM,HOV3_DIST__PM
HOV3_BTOLL,skm_auto_Pk.mtx.omx,Fee_Tol_DA,PM,HOV3_BTOLL__PM
SOVTOLL_TIME,skm_auto_Pk.mtx.omx,ivt_Tol_DA,PM,SOVTOLL_TIME__PM
SOVTOLL_DIST,skm_auto_Pk.mtx.omx,dist_Tol_DA,PM,SOVTOLL_DIST__PM
SOVTOLL_BTOLL,skm_auto_Pk.mtx.omx,Fee_Tol_DA,PM,SOVTOLL_BTOLL__PM
SOVTOLL_VTOLL,skm_auto_Pk.mtx.omx,Fee_Tol_DA,PM,SOVTOLL_VTOLL__PM
HOV2TOLL_TIME,skm_auto_Pk.mtx.omx,ivt_Tol_S2,PM,HOV2TOLL_TIME__PM
HOV2TOLL_DIST,skm_auto_Pk.mtx.omx,dist_Tol_S2,PM,HOV2TOLL_DIST__PM
HOV2TOLL_BTOLL,skm_auto_Pk.mtx.omx,Fee_Tol_DA,PM,HOV2TOLL_BTOLL__PM
HOV2TOLL_VTOLL,skm_auto_Pk.mtx.omx,Fee_Tol_S2,PM,HOV2TOLL_VTOLL__PM
HOV3TOLL_TIME,skm_auto_Pk.mtx.omx,ivt_Tol_S3,PM,HOV3TOLL_TIME__PM
HOV3TOLL_DIST,skm_auto_Pk.mtx.omx,dist_Tol_S3,PM,HOV3TOLL_DIST__PM
HOV3TOLL_BTOLL,skm_auto_Pk.mtx.omx,Fee_Tol_DA,PM,HOV3TOLL_BTOLL__PM
HOV3TOLL_VTOLL,skm_auto_Pk.mtx.omx,Fee_Tol_S3,PM,HOV3TOLL_VTOLL__PM
DIST,skm_auto_Pk.mtx.omx,xydist,,DIST
DISTWALK,skm_auto_Pk.mtx.omx,xydist,,DISTWALK
DISTBIKE,skm_auto_Pk.mtx.omx,xydist,,DISTBIKE
DRV_COM_WLK_WAIT,skm_d8_Pk.mtx.omx,INITWAIT+XFERWAIT,AM,DRV_COM_WLK_WAIT__AM
DRV_COM_WLK_TOTIVT,skm_d8_Pk.mtx.omx,T8+DRIVETIME,AM,DRV_COM_WLK_TOTIVT__AM
DRV_COM_WLK_KEYIVT,skm_d8_Pk.mtx.omx,T8,AM,DRV_COM_WLK_KEYIVT__AM
DRV_COM_WLK_FAR,skm_d8_Pk.mtx.omx,XFARE,AM,DRV_COM_WLK_FAR__AM
DRV_COM_WLK_DTIM,skm_d8_Pk.mtx.omx,DRIVETIME,AM,DRV_COM_WLK_DTIM__AM
DRV_COM_WLK_DDIST,skm_d8_Pk.mtx.omx,DRIVEDIST,AM,DRV_COM_WLK_DDIST__AM
DRV_COM_WLK_WAUX,skm_d8_Pk.mtx.omx,WALKTIME,AM,DRV_COM_WLK_WAUX__AM
DRV_COM_WLK_IWAIT,skm_d8_Pk.mtx.omx,INITWAIT,AM,DRV_COM_WLK_IWAIT__AM
DRV_COM_WLK_XWAIT,skm_d8_Pk.mtx.omx,XFERWAIT,AM,DRV_COM_WLK_XWAIT__AM
DRV_COM_WLK_BOARDS,skm_d8_Pk.mtx.omx,BOARDINGS,AM,DRV_COM_WLK_BOARDS__AM
DRV_EXP_WLK_WAIT,skm_d6_Pk.mtx.omx,INITWAIT+XFERWAIT,AM,DRV_EXP_WLK_WAIT__AM
DRV_EXP_WLK_TOTIVT,skm_d6_Pk.mtx.omx,T6+DRIVETIME,AM,DRV_EXP_WLK_TOTIVT__AM
DRV_EXP_WLK_KEYIVT,skm_d6_Pk.mtx.omx,T6,AM,DRV_EXP_WLK_KEYIVT__AM
DRV_EXP_WLK_FAR,skm_d6_Pk.mtx.omx,XFARE,AM,DRV_EXP_WLK_FAR__AM
DRV_EXP_WLK_DTIM,skm_d6_Pk.mtx.omx,DRIVETIME,AM,DRV_EXP_WLK_DTIM__AM
DRV_EXP_WLK_WAUX,skm_d6_Pk.mtx.omx,DRIVEDIST,AM,DRV_EXP_WLK_WAUX__AM
DRV_EXP_WLK_IWAIT,skm_d6_Pk.mtx.omx,WALKTIME,AM,DRV_EXP_WLK_IWAIT__AM
DRV_EXP_WLK_XWAIT,skm_d6_Pk.mtx.omx,INITWAIT,AM,DRV_EXP_WLK_XWAIT__AM
DRV_EXP_WLK_BOARDS,skm_d6_Pk.mtx.omx,XFERWAIT,AM,DRV_EXP_WLK_BOARDS__AM
DRV_EXP_WLK_DDIST,skm_d6_Pk.mtx.omx,BOARDINGS,AM,DRV_EXP_WLK_DDIST__AM
DRV_HVY_WLK_WAIT,skm_d9_Pk.mtx.omx,INITWAIT+XFERWAIT,AM,DRV_HVY_WLK_WAIT__AM
DRV_HVY_WLK_TOTIVT,skm_d9_Pk.mtx.omx,T9+DRIVETIME,AM,DRV_HVY_WLK_TOTIVT__AM
DRV_HVY_WLK_KEYIVT,skm_d9_Pk.mtx.omx,T9,AM,DRV_HVY_WLK_KEYIVT__AM
DRV_HVY_WLK_FAR,skm_d9_Pk.mtx.omx,XFARE,AM,DRV_HVY_WLK_FAR__AM
DRV_HVY_WLK_DTIM,skm_d9_Pk.mtx.omx,DRIVETIME,AM,DRV_HVY_WLK_DTIM__AM
DRV_HVY_WLK_DDIST,skm_d9_Pk.mtx.omx,DRIVEDIST,AM,DRV_HVY_WLK_DDIST__AM
DRV_HVY_WLK_WAUX,skm_d9_Pk.mtx.omx,WALKTIME,AM,DRV_HVY_WLK_WAUX__AM
DRV_HVY_WLK_IWAIT,skm_d9_Pk.mtx.omx,INITWAIT,AM,DRV_HVY_WLK_IWAIT__AM
DRV_HVY_WLK_XWAIT,skm_d9_Pk.mtx.omx,XFERWAIT,AM,DRV_HVY_WLK_XWAIT__AM
DRV_HVY_WLK_BOARDS,skm_d9_Pk.mtx.omx,BOARDINGS,AM,DRV_HVY_WLK_BOARDS__AM
DRV_LOC_WLK_WAIT,skm_d4_Pk.mtx.omx,INITWAIT+XFERWAIT,AM,DRV_LOC_WLK_WAIT__AM
DRV_LOC_WLK_TOTIVT,skm_d4_Pk.mtx.omx,T4+DRIVETIME,AM,DRV_LOC_WLK_TOTIVT__AM
DRV_LOC_WLK_KEYIVT,skm_d4_Pk.mtx.omx,T4,AM,DRV_LOC_WLK_KEYIVT__AM
DRV_LOC_WLK_FAR,skm_d4_Pk.mtx.omx,XFARE,AM,DRV_LOC_WLK_FAR__AM
DRV_LOC_WLK_DTIM,skm_d4_Pk.mtx.omx,DRIVETIME,AM,DRV_LOC_WLK_DTIM__AM
DRV_LOC_WLK_DDIST,skm_d4_Pk.mtx.omx,DRIVEDIST,AM,DRV_LOC_WLK_DDIST__AM
DRV_LOC_WLK_WAUX,skm_d4_Pk.mtx.omx,WALKTIME,AM,DRV_LOC_WLK_WAUX__AM
DRV_LOC_WLK_IWAIT,skm_d4_Pk.mtx.omx,INITWAIT,AM,DRV_LOC_WLK_IWAIT__AM
DRV_LOC_WLK_XWAIT,skm_d4_Pk.mtx.omx,XFERWAIT,AM,DRV_LOC_WLK_XWAIT__AM
DRV_LOC_WLK_BOARDS,skm_d4_Pk.mtx.omx,BOARDINGS,AM,DRV_LOC_WLK_BOARDS__AM
DRV_LRF_WLK_WAIT,skm_d7_Pk.mtx.omx,INITWAIT+XFERWAIT,AM,DRV_LRF_WLK_WAIT__AM
DRV_LRF_WLK_TOTIVT,skm_d7_Pk.mtx.omx,T7+DRIVETIME,AM,DRV_LRF_WLK_TOTIVT__AM
DRV_LRF_WLK_KEYIVT,skm_d7_Pk.mtx.omx,T7,AM,DRV_LRF_WLK_KEYIVT__AM
DRV_LRF_WLK_FAR,skm_d7_Pk.mtx.omx,XFARE,AM,DRV_LRF_WLK_FAR__AM
DRV_LRF_WLK_DTIM,skm_d7_Pk.mtx.omx,DRIVETIME,AM,DRV_LRF_WLK_DTIM__AM
DRV_LRF_WLK_DDIST,skm_d7_Pk.mtx.omx,DRIVEDIST,AM,DRV_LRF_WLK_DDIST__AM
DRV_LRF_WLK_WAUX,skm_d7_Pk.mtx.omx,WALKTIME,AM,DRV_LRF_WLK_WAUX__AM
DRV_LRF_WLK_IWAIT,skm_d7_Pk.mtx.omx,INITWAIT,AM,DRV_LRF_WLK_IWAIT__AM
DRV_LRF_WLK_XWAIT,skm_d7_Pk.mtx.omx,XFERWAIT,AM,DRV_LRF_WLK_XWAIT__AM
DRV_LRF_WLK_BOARDS,skm_d7_Pk.mtx.omx,BOARDINGS,AM,DRV_LRF_WLK_BOARDS__AM
WLK_COM_DRV_WAIT,skm_d8_Pk.mtx.omx,INITWAIT+XFERWAIT,AM,WLK_COM_DRV_WAIT__AM
WLK_COM_DRV_TOTIVT,skm_d8_Pk.mtx.omx,T8+DRIVETIME,AM,WLK_COM_DRV_TOTIVT__AM
WLK_COM_DRV_KEYIVT,skm_d8_Pk.mtx.omx,T8,AM,WLK_COM_DRV_KEYIVT__AM
WLK_COM_DRV_FAR,skm_d8_Pk.mtx.omx,XFARE,AM,WLK_COM_DRV_FAR__AM
WLK_COM_DRV_DTIM,skm_d8_Pk.mtx.omx,DRIVETIME,AM,WLK_COM_DRV_DTIM__AM
WLK_COM_DRV_DDIST,skm_d8_Pk.mtx.omx,DRIVEDIST,AM,WLK_COM_DRV_DDIST__AM
WLK_COM_DRV_WAUX,skm_d8_Pk.mtx.omx,WALKTIME,AM,WLK_COM_DRV_WAUX__AM
WLK_COM_DRV_IWAIT,skm_d8_Pk.mtx.omx,INITWAIT,AM,WLK_COM_DRV_IWAIT__AM
WLK_COM_DRV_XWAIT,skm_d8_Pk.mtx.omx,XFERWAIT,AM,WLK_COM_DRV_XWAIT__AM
WLK_COM_DRV_BOARDS,skm_d8_Pk.mtx.omx,BOARDINGS,AM,WLK_COM_DRV_BOARDS__AM
WLK_COM_WLK_WAIT,skm_w8_Pk.mtx.omx,INITWAIT+XFERWAIT,AM,WLK_COM_WLK_WAIT__AM
WLK_COM_WLK_TOTIVT,skm_w8_Pk.mtx.omx,T8,AM,WLK_COM_WLK_TOTIVT__AM
WLK_COM_WLK_KEYIVT,skm_w8_Pk.mtx.omx,T8,AM,WLK_COM_WLK_KEYIVT__AM
WLK_COM_WLK_FAR,skm_w8_Pk.mtx.omx,XFARE,AM,WLK_COM_WLK_FAR__AM
WLK_COM_WLK_WAUX,skm_w8_Pk.mtx.omx,WALKTIME,AM,WLK_COM_WLK_WAUX__AM
WLK_COM_WLK_IWAIT,skm_w8_Pk.mtx.omx,INITWAIT,AM,WLK_COM_WLK_IWAIT__AM
WLK_COM_WLK_XWAIT,skm_w8_Pk.mtx.omx,XFERWAIT,AM,WLK_COM_WLK_XWAIT__AM
WLK_COM_WLK_BOARDS,skm_w8_Pk.mtx.omx,BOARDINGS,AM,WLK_COM_WLK_BOARDS__AM
WLK_EXP_DRV_WAIT,skm_d6_Pk.mtx.omx,INITWAIT+XFERWAIT,AM,WLK_EXP_DRV_WAIT__AM
WLK_EXP_DRV_TOTIVT,skm_d6_Pk.mtx.omx,T6+DRIVETIME,AM,WLK_EXP_DRV_TOTIVT__AM
WLK_EXP_DRV_KEYIVT,skm_d6_Pk.mtx.omx,T6,AM,WLK_EXP_DRV_KEYIVT__AM
WLK_EXP_DRV_FAR,skm_d6_Pk.mtx.omx,XFARE,AM,WLK_EXP_DRV_FAR__AM
WLK_EXP_DRV_DTIM,skm_d6_Pk.mtx.omx,DRIVETIME,AM,WLK_EXP_DRV_DTIM__AM
WLK_EXP_DRV_WAUX,skm_d6_Pk.mtx.omx,DRIVEDIST,AM,WLK_EXP_DRV_WAUX__AM
WLK_EXP_DRV_IWAIT,skm_d6_Pk.mtx.omx,WALKTIME,AM,WLK_EXP_DRV_IWAIT__AM
WLK_EXP_DRV_XWAIT,skm_d6_Pk.mtx.omx,INITWAIT,AM,WLK_EXP_DRV_XWAIT__AM
WLK_EXP_DRV_BOARDS,skm_d6_Pk.mtx.omx,XFERWAIT,AM,WLK_EXP_DRV_BOARDS__AM
WLK_EXP_DRV_DDIST,skm_d6_Pk.mtx.omx,BOARDINGS,AM,WLK_EXP_DRV_DDIST__AM
WLK_EXP_WLK_WAIT,skm_w6_Pk.mtx.omx,INITWAIT+XFERWAIT,AM,WLK_EXP_WLK_WAIT__AM
WLK_EXP_WLK_TOTIVT,skm_w6_Pk.mtx.omx,T6,AM,WLK_EXP_WLK_TOTIVT__AM
WLK_EXP_WLK_KEYIVT,skm_w6_Pk.mtx.omx,T6,AM,WLK_EXP_WLK_KEYIVT__AM
WLK_EXP_WLK_FAR,skm_w6_Pk.mtx.omx,XFARE,AM,WLK_EXP_WLK_FAR__AM
WLK_EXP_WLK_WAUX,skm_w6_Pk.mtx.omx,WALKTIME,AM,WLK_EXP_WLK_WAUX__AM
WLK_EXP_WLK_IWAIT,skm_w6_Pk.mtx.omx,INITWAIT,AM,WLK_EXP_WLK_IWAIT__AM
WLK_EXP_WLK_XWAIT,skm_w6_Pk.mtx.omx,XFERWAIT,AM,WLK_EXP_WLK_XWAIT__AM
WLK_EXP_WLK_BOARDS,skm_w6_Pk.mtx.omx,BOARDINGS,AM,WLK_EXP_WLK_BOARDS__AM
WLK_HVY_DRV_WAIT,skm_d9_Pk.mtx.omx,INITWAIT+XFERWAIT,AM,WLK_HVY_DRV_WAIT__AM
WLK_HVY_DRV_TOTIVT,skm_d9_Pk.mtx.omx,T9+DRIVETIME,AM,WLK_HVY_DRV_TOTIVT__AM
WLK_HVY_DRV_KEYIVT,skm_d9_Pk.mtx.omx,T9,AM,WLK_HVY_DRV_KEYIVT__AM
WLK_HVY_DRV_FAR,skm_d9_Pk.mtx.omx,XFARE,AM,WLK_HVY_DRV_FAR__AM
WLK_HVY_DRV_DTIM,skm_d9_Pk.mtx.omx,DRIVETIME,AM,WLK_HVY_DRV_DTIM__AM
WLK_HVY_DRV_DDIST,skm_d9_Pk.mtx.omx,DRIVEDIST,AM,WLK_HVY_DRV_DDIST__AM
WLK_HVY_DRV_WAUX,skm_d9_Pk.mtx.omx,WALKTIME,AM,WLK_HVY_DRV_WAUX__AM
WLK_HVY_DRV_IWAIT,skm_d9_Pk.mtx.omx,INITWAIT,AM,WLK_HVY_DRV_IWAIT__AM
WLK_HVY_DRV_XWAIT,skm_d9_Pk.mtx.omx,XFERWAIT,AM,WLK_HVY_DRV_XWAIT__AM
WLK_HVY_DRV_BOARDS,skm_d9_Pk.mtx.omx,BOARDINGS,AM,WLK_HVY_DRV_BOARDS__AM
WLK_HVY_WLK_WAIT,skm_w9_Pk.mtx.omx,INITWAIT+XFERWAIT,AM,WLK_HVY_WLK_WAIT__AM
WLK_HVY_WLK_TOTIVT,skm_w9_Pk.mtx.omx,T9,AM,WLK_HVY_WLK_TOTIVT__AM
WLK_HVY_WLK_KEYIVT,skm_w9_Pk.mtx.omx,T9,AM,WLK_HVY_WLK_KEYIVT__AM
WLK_HVY_WLK_FAR,skm_w9_Pk.mtx.omx,XFARE,AM,WLK_HVY_WLK_FAR__AM
WLK_HVY_WLK_WAUX,skm_w9_Pk.mtx.omx,WALKTIME,AM,WLK_HVY_WLK_WAUX__AM
WLK_HVY_WLK_IWAIT,skm_w9_Pk.mtx.omx,INITWAIT,AM,WLK_HVY_WLK_IWAIT__AM
WLK_HVY_WLK_XWAIT,skm_w9_Pk.mtx.omx,XFERWAIT,AM,WLK_HVY_WLK_XWAIT__AM
WLK_HVY_WLK_BOARDS,skm_w9_Pk.mtx.omx,BOARDINGS,AM,WLK_HVY_WLK_BOARDS__AM
WLK_LOC_DRV_WAIT,skm_d4_Pk.mtx.omx,INITWAIT+XFERWAIT,AM,WLK_LOC_DRV_WAIT__AM
WLK_LOC_DRV_TOTIVT,skm_d4_Pk.mtx.omx,T4+DRIVETIME,AM,WLK_LOC_DRV_TOTIVT__AM
WLK_LOC_DRV_KEYIVT,skm_d4_Pk.mtx.omx,T4,AM,WLK_LOC_DRV_KEYIVT__AM
WLK_LOC_DRV_FAR,skm_d4_Pk.mtx.omx,XFARE,AM,WLK_LOC_DRV_FAR__AM
WLK_LOC_DRV_DTIM,skm_d4_Pk.mtx.omx,DRIVETIME,AM,WLK_LOC_DRV_DTIM__AM
WLK_LOC_DRV_DDIST,skm_d4_Pk.mtx.omx,DRIVEDIST,AM,WLK_LOC_DRV_DDIST__AM
WLK_LOC_DRV_WAUX,skm_d4_Pk.mtx.omx,WALKTIME,AM,WLK_LOC_DRV_WAUX__AM
WLK_LOC_DRV_IWAIT,skm_d4_Pk.mtx.omx,INITWAIT,AM,WLK_LOC_DRV_IWAIT__AM
WLK_LOC_DRV_XWAIT,skm_d4_Pk.mtx.omx,XFERWAIT,AM,WLK_LOC_DRV_XWAIT__AM
WLK_LOC_DRV_BOARDS,skm_d4_Pk.mtx.omx,BOARDINGS,AM,WLK_LOC_DRV_BOARDS__AM
WLK_LOC_WLK_WAIT,skm_w4_Pk.mtx.omx,INITWAIT+XFERWAIT,AM,WLK_LOC_WLK_WAIT__AM
WLK_LOC_WLK_TOTIVT,skm_w4_Pk.mtx.omx,T4,AM,WLK_LOC_WLK_TOTIVT__AM
WLK_LOC_WLK_FAR,skm_w4_Pk.mtx.omx,T4,AM,WLK_LOC_WLK_FAR__AM
WLK_LOC_WLK_WAUX,skm_w4_Pk.mtx.omx,XFARE,AM,WLK_LOC_WLK_WAUX__AM
WLK_LOC_WLK_IWAIT,skm_w4_Pk.mtx.omx,WALKTIME,AM,WLK_LOC_WLK_IWAIT__AM
WLK_LOC_WLK_XWAIT,skm_w4_Pk.mtx.omx,INITWAIT,AM,WLK_LOC_WLK_XWAIT__AM
WLK_LOC_WLK_BOARDS,skm_w4_Pk.mtx.omx,XFERWAIT,AM,WLK_LOC_WLK_BOARDS__AM
WLK_LRF_DRV_WAIT,skm_d4_Pk.mtx.omx,BOARDINGS,AM,WLK_LRF_DRV_WAIT__AM
WLK_LRF_DRV_TOTIVT,skm_d7_Pk.mtx.omx,T7+DRIVETIME,AM,WLK_LRF_DRV_TOTIVT__AM
WLK_LRF_DRV_KEYIVT,skm_d7_Pk.mtx.omx,T7,AM,WLK_LRF_DRV_KEYIVT__AM
WLK_LRF_DRV_FAR,skm_d7_Pk.mtx.omx,XFARE,AM,WLK_LRF_DRV_FAR__AM
WLK_LRF_DRV_DTIM,skm_d7_Pk.mtx.omx,DRIVETIME,AM,WLK_LRF_DRV_DTIM__AM
WLK_LRF_DRV_DDIST,skm_d7_Pk.mtx.omx,DRIVEDIST,AM,WLK_LRF_DRV_DDIST__AM
WLK_LRF_DRV_WAUX,skm_d7_Pk.mtx.omx,WALKTIME,AM,WLK_LRF_DRV_WAUX__AM
WLK_LRF_DRV_IWAIT,skm_d7_Pk.mtx.omx,INITWAIT,AM,WLK_LRF_DRV_IWAIT__AM
WLK_LRF_DRV_XWAIT,skm_d7_Pk.mtx.omx,XFERWAIT,AM,WLK_LRF_DRV_XWAIT__AM
WLK_LRF_DRV_BOARDS,skm_d7_Pk.mtx.omx,BOARDINGS,AM,WLK_LRF_DRV_BOARDS__AM
WLK_LRF_WLK_WAIT,skm_w7_Pk.mtx.omx,INITWAIT+XFERWAIT,AM,WLK_LRF_WLK_WAIT__AM
WLK_LRF_WLK_TOTIVT,skm_w7_Pk.mtx.omx,T7,AM,WLK_LRF_WLK_TOTIVT__AM
WLK_LRF_WLK_KEYIVT,skm_w7_Pk.mtx.omx,T7,AM,WLK_LRF_WLK_KEYIVT__AM
WLK_LRF_WLK_FAR,skm_w7_Pk.mtx.omx,XFARE,AM,WLK_LRF_WLK_FAR__AM
WLK_LRF_WLK_WAUX,skm_w7_Pk.mtx.omx,WALKTIME,AM,WLK_LRF_WLK_WAUX__AM
WLK_LRF_WLK_IWAIT,skm_w7_Pk.mtx.omx,INITWAIT,AM,WLK_LRF_WLK_IWAIT__AM
WLK_LRF_WLK_XWAIT,skm_w7_Pk.mtx.omx,XFERWAIT,AM,WLK_LRF_WLK_XWAIT__AM
WLK_LRF_WLK_BOARDS,skm_w7_Pk.mtx.omx,BOARDINGS,AM,WLK_LRF_WLK_BOARDS__AM
DRV_COM_WLK_WAIT,skm_d8_Pk.mtx.omx,INITWAIT+XFERWAIT,EA,DRV_COM_WLK_WAIT__EA
DRV_COM_WLK_TOTIVT,skm_d8_Pk.mtx.omx,T8+DRIVETIME,EA,DRV_COM_WLK_TOTIVT__EA
DRV_COM_WLK_KEYIVT,skm_d8_Pk.mtx.omx,T8,EA,DRV_COM_WLK_KEYIVT__EA
DRV_COM_WLK_FAR,skm_d8_Pk.mtx.omx,XFARE,EA,DRV_COM_WLK_FAR__EA
DRV_COM_WLK_DTIM,skm_d8_Pk.mtx.omx,DRIVETIME,EA,DRV_COM_WLK_DTIM__EA
DRV_COM_WLK_DDIST,skm_d8_Pk.mtx.omx,DRIVEDIST,EA,DRV_COM_WLK_DDIST__EA
DRV_COM_WLK_WAUX,skm_d8_Pk.mtx.omx,WALKTIME,EA,DRV_COM_WLK_WAUX__EA
DRV_COM_WLK_IWAIT,skm_d8_Pk.mtx.omx,INITWAIT,EA,DRV_COM_WLK_IWAIT__EA
DRV_COM_WLK_XWAIT,skm_d8_Pk.mtx.omx,XFERWAIT,EA,DRV_COM_WLK_XWAIT__EA
DRV_COM_WLK_BOARDS,skm_d8_Pk.mtx.omx,BOARDINGS,EA,DRV_COM_WLK_BOARDS__EA
DRV_EXP_WLK_WAIT,skm_d6_Pk.mtx.omx,INITWAIT+XFERWAIT,EA,DRV_EXP_WLK_WAIT__EA
DRV_EXP_WLK_TOTIVT,skm_d6_Pk.mtx.omx,T6+DRIVETIME,EA,DRV_EXP_WLK_TOTIVT__EA
DRV_EXP_WLK_KEYIVT,skm_d6_Pk.mtx.omx,T6,EA,DRV_EXP_WLK_KEYIVT__EA
DRV_EXP_WLK_FAR,skm_d6_Pk.mtx.omx,XFARE,EA,DRV_EXP_WLK_FAR__EA
DRV_EXP_WLK_DTIM,skm_d6_Pk.mtx.omx,DRIVETIME,EA,DRV_EXP_WLK_DTIM__EA
DRV_EXP_WLK_WAUX,skm_d6_Pk.mtx.omx,DRIVEDIST,EA,DRV_EXP_WLK_WAUX__EA
DRV_EXP_WLK_IWAIT,skm_d6_Pk.mtx.omx,WALKTIME,EA,DRV_EXP_WLK_IWAIT__EA
DRV_EXP_WLK_XWAIT,skm_d6_Pk.mtx.omx,INITWAIT,EA,DRV_EXP_WLK_XWAIT__EA
DRV_EXP_WLK_BOARDS,skm_d6_Pk.mtx.omx,XFERWAIT,EA,DRV_EXP_WLK_BOARDS__EA
DRV_EXP_WLK_DDIST,skm_d6_Pk.mtx.omx,BOARDINGS,EA,DRV_EXP_WLK_DDIST__EA
DRV_HVY_WLK_WAIT,skm_d9_Pk.mtx.omx,INITWAIT+XFERWAIT,EA,DRV_HVY_WLK_WAIT__EA
DRV_HVY_WLK_TOTIVT,skm_d9_Pk.mtx.omx,T9+DRIVETIME,EA,DRV_HVY_WLK_TOTIVT__EA
DRV_HVY_WLK_KEYIVT,skm_d9_Pk.mtx.omx,T9,EA,DRV_HVY_WLK_KEYIVT__EA
DRV_HVY_WLK_FAR,skm_d9_Pk.mtx.omx,XFARE,EA,DRV_HVY_WLK_FAR__EA
DRV_HVY_WLK_DTIM,skm_d9_Pk.mtx.omx,DRIVETIME,EA,DRV_HVY_WLK_DTIM__EA
DRV_HVY_WLK_DDIST,skm_d9_Pk.mtx.omx,DRIVEDIST,EA,DRV_HVY_WLK_DDIST__EA
DRV_HVY_WLK_WAUX,skm_d9_Pk.mtx.omx,WALKTIME,EA,DRV_HVY_WLK_WAUX__EA
DRV_HVY_WLK_IWAIT,skm_d9_Pk.mtx.omx,INITWAIT,EA,DRV_HVY_WLK_IWAIT__EA
DRV_HVY_WLK_XWAIT,skm_d9_Pk.mtx.omx,XFERWAIT,EA,DRV_HVY_WLK_XWAIT__EA
DRV_HVY_WLK_BOARDS,skm_d9_Pk.mtx.omx,BOARDINGS,EA,DRV_HVY_WLK_BOARDS__EA
DRV_LOC_WLK_WAIT,skm_d4_Pk.mtx.omx,INITWAIT+XFERWAIT,EA,DRV_LOC_WLK_WAIT__EA
DRV_LOC_WLK_TOTIVT,skm_d4_Pk.mtx.omx,T4+DRIVETIME,EA,DRV_LOC_WLK_TOTIVT__EA
DRV_LOC_WLK_KEYIVT,skm_d4_Pk.mtx.omx,T4,EA,DRV_LOC_WLK_KEYIVT__EA
DRV_LOC_WLK_FAR,skm_d4_Pk.mtx.omx,XFARE,EA,DRV_LOC_WLK_FAR__EA
DRV_LOC_WLK_DTIM,skm_d4_Pk.mtx.omx,DRIVETIME,EA,DRV_LOC_WLK_DTIM__EA
DRV_LOC_WLK_DDIST,skm_d4_Pk.mtx.omx,DRIVEDIST,EA,DRV_LOC_WLK_DDIST__EA
DRV_LOC_WLK_WAUX,skm_d4_Pk.mtx.omx,WALKTIME,EA,DRV_LOC_WLK_WAUX__EA
DRV_LOC_WLK_IWAIT,skm_d4_Pk.mtx.omx,INITWAIT,EA,DRV_LOC_WLK_IWAIT__EA
DRV_LOC_WLK_XWAIT,skm_d4_Pk.mtx.omx,XFERWAIT,EA,DRV_LOC_WLK_XWAIT__EA
DRV_LOC_WLK_BOARDS,skm_d4_Pk.mtx.omx,BOARDINGS,EA,DRV_LOC_WLK_BOARDS__EA
DRV_LRF_WLK_WAIT,skm_d7_Pk.mtx.omx,INITWAIT+XFERWAIT,EA,DRV_LRF_WLK_WAIT__EA
DRV_LRF_WLK_TOTIVT,skm_d7_Pk.mtx.omx,T7+DRIVETIME,EA,DRV_LRF_WLK_TOTIVT__EA
DRV_LRF_WLK_KEYIVT,skm_d7_Pk.mtx.omx,T7,EA,DRV_LRF_WLK_KEYIVT__EA
DRV_LRF_WLK_FAR,skm_d7_Pk.mtx.omx,XFARE,EA,DRV_LRF_WLK_FAR__EA
DRV_LRF_WLK_DTIM,skm_d7_Pk.mtx.omx,DRIVETIME,EA,DRV_LRF_WLK_DTIM__EA
DRV_LRF_WLK_DDIST,skm_d7_Pk.mtx.omx,DRIVEDIST,EA,DRV_LRF_WLK_DDIST__EA
DRV_LRF_WLK_WAUX,skm_d7_Pk.mtx.omx,WALKTIME,EA,DRV_LRF_WLK_WAUX__EA
DRV_LRF_WLK_IWAIT,skm_d7_Pk.mtx.omx,INITWAIT,EA,DRV_LRF_WLK_IWAIT__EA
DRV_LRF_WLK_XWAIT,skm_d7_Pk.mtx.omx,XFERWAIT,EA,DRV_LRF_WLK_XWAIT__EA
DRV_LRF_WLK_BOARDS,skm_d7_Pk.mtx.omx,BOARDINGS,EA,DRV_LRF_WLK_BOARDS__EA
WLK_COM_DRV_WAIT,skm_d8_Pk.mtx.omx,INITWAIT+XFERWAIT,EA,WLK_COM_DRV_WAIT__EA
WLK_COM_DRV_TOTIVT,skm_d8_Pk.mtx.omx,T8+DRIVETIME,EA,WLK_COM_DRV_TOTIVT__EA
WLK_COM_DRV_KEYIVT,skm_d8_Pk.mtx.omx,T8,EA,WLK_COM_DRV_KEYIVT__EA
WLK_COM_DRV_FAR,skm_d8_Pk.mtx.omx,XFARE,EA,WLK_COM_DRV_FAR__EA
WLK_COM_DRV_DTIM,skm_d8_Pk.mtx.omx,DRIVETIME,EA,WLK_COM_DRV_DTIM__EA
WLK_COM_DRV_DDIST,skm_d8_Pk.mtx.omx,DRIVEDIST,EA,WLK_COM_DRV_DDIST__EA
WLK_COM_DRV_WAUX,skm_d8_Pk.mtx.omx,WALKTIME,EA,WLK_COM_DRV_WAUX__EA
WLK_COM_DRV_IWAIT,skm_d8_Pk.mtx.omx,INITWAIT,EA,WLK_COM_DRV_IWAIT__EA
WLK_COM_DRV_XWAIT,skm_d8_Pk.mtx.omx,XFERWAIT,EA,WLK_COM_DRV_XWAIT__EA
WLK_COM_DRV_BOARDS,skm_d8_Pk.mtx.omx,BOARDINGS,EA,WLK_COM_DRV_BOARDS__EA
WLK_COM_WLK_WAIT,skm_w8_Pk.mtx.omx,INITWAIT+XFERWAIT,EA,WLK_COM_WLK_WAIT__EA
WLK_COM_WLK_TOTIVT,skm_w8_Pk.mtx.omx,T8,EA,WLK_COM_WLK_TOTIVT__EA
WLK_COM_WLK_KEYIVT,skm_w8_Pk.mtx.omx,T8,EA,WLK_COM_WLK_KEYIVT__EA
WLK_COM_WLK_FAR,skm_w8_Pk.mtx.omx,XFARE,EA,WLK_COM_WLK_FAR__EA
WLK_COM_WLK_WAUX,skm_w8_Pk.mtx.omx,WALKTIME,EA,WLK_COM_WLK_WAUX__EA
WLK_COM_WLK_IWAIT,skm_w8_Pk.mtx.omx,INITWAIT,EA,WLK_COM_WLK_IWAIT__EA
WLK_COM_WLK_XWAIT,skm_w8_Pk.mtx.omx,XFERWAIT,EA,WLK_COM_WLK_XWAIT__EA
WLK_COM_WLK_BOARDS,skm_w8_Pk.mtx.omx,BOARDINGS,EA,WLK_COM_WLK_BOARDS__EA
WLK_EXP_DRV_WAIT,skm_d6_Pk.mtx.omx,INITWAIT+XFERWAIT,EA,WLK_EXP_DRV_WAIT__EA
WLK_EXP_DRV_TOTIVT,skm_d6_Pk.mtx.omx,T6+DRIVETIME,EA,WLK_EXP_DRV_TOTIVT__EA
WLK_EXP_DRV_KEYIVT,skm_d6_Pk.mtx.omx,T6,EA,WLK_EXP_DRV_KEYIVT__EA
WLK_EXP_DRV_FAR,skm_d6_Pk.mtx.omx,XFARE,EA,WLK_EXP_DRV_FAR__EA
WLK_EXP_DRV_DTIM,skm_d6_Pk.mtx.omx,DRIVETIME,EA,WLK_EXP_DRV_DTIM__EA
WLK_EXP_DRV_WAUX,skm_d6_Pk.mtx.omx,DRIVEDIST,EA,WLK_EXP_DRV_WAUX__EA
WLK_EXP_DRV_IWAIT,skm_d6_Pk.mtx.omx,WALKTIME,EA,WLK_EXP_DRV_IWAIT__EA
WLK_EXP_DRV_XWAIT,skm_d6_Pk.mtx.omx,INITWAIT,EA,WLK_EXP_DRV_XWAIT__EA
WLK_EXP_DRV_BOARDS,skm_d6_Pk.mtx.omx,XFERWAIT,EA,WLK_EXP_DRV_BOARDS__EA
WLK_EXP_DRV_DDIST,skm_d6_Pk.mtx.omx,BOARDINGS,EA,WLK_EXP_DRV_DDIST__EA
WLK_EXP_WLK_WAIT,skm_w6_Pk.mtx.omx,INITWAIT+XFERWAIT,EA,WLK_EXP_WLK_WAIT__EA
WLK_EXP_WLK_TOTIVT,skm_w6_Pk.mtx.omx,T6,EA,WLK_EXP_WLK_TOTIVT__EA
WLK_EXP_WLK_KEYIVT,skm_w6_Pk.mtx.omx,T6,EA,WLK_EXP_WLK_KEYIVT__EA
WLK_EXP_WLK_FAR,skm_w6_Pk.mtx.omx,XFARE,EA,WLK_EXP_WLK_FAR__EA
WLK_EXP_WLK_WAUX,skm_w6_Pk.mtx.omx,WALKTIME,EA,WLK_EXP_WLK_WAUX__EA
WLK_EXP_WLK_IWAIT,skm_w6_Pk.mtx.omx,INITWAIT,EA,WLK_EXP_WLK_IWAIT__EA
WLK_EXP_WLK_XWAIT,skm_w6_Pk.mtx.omx,XFERWAIT,EA,WLK_EXP_WLK_XWAIT__EA
WLK_EXP_WLK_BOARDS,skm_w6_Pk.mtx.omx,BOARDINGS,EA,WLK_EXP_WLK_BOARDS__EA
WLK_HVY_DRV_WAIT,skm_d9_Pk.mtx.omx,INITWAIT+XFERWAIT,EA,WLK_HVY_DRV_WAIT__EA
WLK_HVY_DRV_TOTIVT,skm_d9_Pk.mtx.omx,T9+DRIVETIME,EA,WLK_HVY_DRV_TOTIVT__EA
WLK_HVY_DRV_KEYIVT,skm_d9_Pk.mtx.omx,T9,EA,WLK_HVY_DRV_KEYIVT__EA
WLK_HVY_DRV_FAR,skm_d9_Pk.mtx.omx,XFARE,EA,WLK_HVY_DRV_FAR__EA
WLK_HVY_DRV_DTIM,skm_d9_Pk.mtx.omx,DRIVETIME,EA,WLK_HVY_DRV_DTIM__EA
WLK_HVY_DRV_DDIST,skm_d9_Pk.mtx.omx,DRIVEDIST,EA,WLK_HVY_DRV_DDIST__EA
WLK_HVY_DRV_WAUX,skm_d9_Pk.mtx.omx,WALKTIME,EA,WLK_HVY_DRV_WAUX__EA
WLK_HVY_DRV_IWAIT,skm_d9_Pk.mtx.omx,INITWAIT,EA,WLK_HVY_DRV_IWAIT__EA
WLK_HVY_DRV_XWAIT,skm_d9_Pk.mtx.omx,XFERWAIT,EA,WLK_HVY_DRV_XWAIT__EA
WLK_HVY_DRV_BOARDS,skm_d9_Pk.mtx.omx,BOARDINGS,EA,WLK_HVY_DRV_BOARDS__EA
WLK_HVY_WLK_WAIT,skm_w9_Pk.mtx.omx,INITWAIT+XFERWAIT,EA,WLK_HVY_WLK_WAIT__EA
WLK_HVY_WLK_TOTIVT,skm_w9_Pk.mtx.omx,T9,EA,WLK_HVY_WLK_TOTIVT__EA
WLK_HVY_WLK_KEYIVT,skm_w9_Pk.mtx.omx,T9,EA,WLK_HVY_WLK_KEYIVT__EA
WLK_HVY_WLK_FAR,skm_w9_Pk.mtx.omx,XFARE,EA,WLK_HVY_WLK_FAR__EA
WLK_HVY_WLK_WAUX,skm_w9_Pk.mtx.omx,WALKTIME,EA,WLK_HVY_WLK_WAUX__EA
WLK_HVY_WLK_IWAIT,skm_w9_Pk.mtx.omx,INITWAIT,EA,WLK_HVY_WLK_IWAIT__EA
WLK_HVY_WLK_XWAIT,skm_w9_Pk.mtx.omx,XFERWAIT,EA,WLK_HVY_WLK_XWAIT__EA
WLK_HVY_WLK_BOARDS,skm_w9_Pk.mtx.omx,BOARDINGS,EA,WLK_HVY_WLK_BOARDS__EA
WLK_LOC_DRV_WAIT,skm_d4_Pk.mtx.omx,INITWAIT+XFERWAIT,EA,WLK_LOC_DRV_WAIT__EA
WLK_LOC_DRV_TOTIVT,skm_d4_Pk.mtx.omx,T4+DRIVETIME,EA,WLK_LOC_DRV_TOTIVT__EA
WLK_LOC_DRV_KEYIVT,skm_d4_Pk.mtx.omx,T4,EA,WLK_LOC_DRV_KEYIVT__EA
WLK_LOC_DRV_FAR,skm_d4_Pk.mtx.omx,XFARE,EA,WLK_LOC_DRV_FAR__EA
WLK_LOC_DRV_DTIM,skm_d4_Pk.mtx.omx,DRIVETIME,EA,WLK_LOC_DRV_DTIM__EA
WLK_LOC_DRV_DDIST,skm_d4_Pk.mtx.omx,DRIVEDIST,EA,WLK_LOC_DRV_DDIST__EA
WLK_LOC_DRV_WAUX,skm_d4_Pk.mtx.omx,WALKTIME,EA,WLK_LOC_DRV_WAUX__EA
WLK_LOC_DRV_IWAIT,skm_d4_Pk.mtx.omx,INITWAIT,EA,WLK_LOC_DRV_IWAIT__EA
WLK_LOC_DRV_XWAIT,skm_d4_Pk.mtx.omx,XFERWAIT,EA,WLK_LOC_DRV_XWAIT__EA
WLK_LOC_DRV_BOARDS,skm_d4_Pk.mtx.omx,BOARDINGS,EA,WLK_LOC_DRV_BOARDS__EA
WLK_LOC_WLK_WAIT,skm_w4_Pk.mtx.omx,INITWAIT+XFERWAIT,EA,WLK_LOC_WLK_WAIT__EA
WLK_LOC_WLK_TOTIVT,skm_w4_Pk.mtx.omx,T4,EA,WLK_LOC_WLK_TOTIVT__EA
WLK_LOC_WLK_FAR,skm_w4_Pk.mtx.omx,T4,EA,WLK_LOC_WLK_FAR__EA
WLK_LOC_WLK_WAUX,skm_w4_Pk.mtx.omx,XFARE,EA,WLK_LOC_WLK_WAUX__EA
WLK_LOC_WLK_IWAIT,skm_w4_Pk.mtx.omx,WALKTIME,EA,WLK_LOC_WLK_IWAIT__EA
WLK_LOC_WLK_XWAIT,skm_w4_Pk.mtx.omx,INITWAIT,EA,WLK_LOC_WLK_XWAIT__EA
WLK_LOC_WLK_BOARDS,skm_w4_Pk.mtx.omx,XFERWAIT,EA,WLK_LOC_WLK_BOARDS__EA
WLK_LRF_DRV_WAIT,skm_d4_Pk.mtx.omx,BOARDINGS,EA,WLK_LRF_DRV_WAIT__EA
WLK_LRF_DRV_TOTIVT,skm_d7_Pk.mtx.omx,T7+DRIVETIME,EA,WLK_LRF_DRV_TOTIVT__EA
WLK_LRF_DRV_KEYIVT,skm_d7_Pk.mtx.omx,T7,EA,WLK_LRF_DRV_KEYIVT__EA
WLK_LRF_DRV_FAR,skm_d7_Pk.mtx.omx,XFARE,EA,WLK_LRF_DRV_FAR__EA
WLK_LRF_DRV_DTIM,skm_d7_Pk.mtx.omx,DRIVETIME,EA,WLK_LRF_DRV_DTIM__EA
WLK_LRF_DRV_DDIST,skm_d7_Pk.mtx.omx,DRIVEDIST,EA,WLK_LRF_DRV_DDIST__EA
WLK_LRF_DRV_WAUX,skm_d7_Pk.mtx.omx,WALKTIME,EA,WLK_LRF_DRV_WAUX__EA
WLK_LRF_DRV_IWAIT,skm_d7_Pk.mtx.omx,INITWAIT,EA,WLK_LRF_DRV_IWAIT__EA
WLK_LRF_DRV_XWAIT,skm_d7_Pk.mtx.omx,XFERWAIT,EA,WLK_LRF_DRV_XWAIT__EA
WLK_LRF_DRV_BOARDS,skm_d7_Pk.mtx.omx,BOARDINGS,EA,WLK_LRF_DRV_BOARDS__EA
WLK_LRF_WLK_WAIT,skm_w7_Pk.mtx.omx,INITWAIT+XFERWAIT,EA,WLK_LRF_WLK_WAIT__EA
WLK_LRF_WLK_TOTIVT,skm_w7_Pk.mtx.omx,T7,EA,WLK_LRF_WLK_TOTIVT__EA
WLK_LRF_WLK_KEYIVT,skm_w7_Pk.mtx.omx,T7,EA,WLK_LRF_WLK_KEYIVT__EA
WLK_LRF_WLK_FAR,skm_w7_Pk.mtx.omx,XFARE,EA,WLK_LRF_WLK_FAR__EA
WLK_LRF_WLK_WAUX,skm_w7_Pk.mtx.omx,WALKTIME,EA,WLK_LRF_WLK_WAUX__EA
WLK_LRF_WLK_IWAIT,skm_w7_Pk.mtx.omx,INITWAIT,EA,WLK_LRF_WLK_IWAIT__EA
WLK_LRF_WLK_XWAIT,skm_w7_Pk.mtx.omx,XFERWAIT,EA,WLK_LRF_WLK_XWAIT__EA
WLK_LRF_WLK_BOARDS,skm_w7_Pk.mtx.omx,BOARDINGS,EA,WLK_LRF_WLK_BOARDS__EA
DRV_COM_WLK_WAIT,skm_d8_Pk.mtx.omx,INITWAIT+XFERWAIT,EV,DRV_COM_WLK_WAIT__EV
DRV_COM_WLK_TOTIVT,skm_d8_Pk.mtx.omx,T8+DRIVETIME,EV,DRV_COM_WLK_TOTIVT__EV
DRV_COM_WLK_KEYIVT,skm_d8_Pk.mtx.omx,T8,EV,DRV_COM_WLK_KEYIVT__EV
DRV_COM_WLK_FAR,skm_d8_Pk.mtx.omx,XFARE,EV,DRV_COM_WLK_FAR__EV
DRV_COM_WLK_DTIM,skm_d8_Pk.mtx.omx,DRIVETIME,EV,DRV_COM_WLK_DTIM__EV
DRV_COM_WLK_DDIST,skm_d8_Pk.mtx.omx,DRIVEDIST,EV,DRV_COM_WLK_DDIST__EV
DRV_COM_WLK_WAUX,skm_d8_Pk.mtx.omx,WALKTIME,EV,DRV_COM_WLK_WAUX__EV
DRV_COM_WLK_IWAIT,skm_d8_Pk.mtx.omx,INITWAIT,EV,DRV_COM_WLK_IWAIT__EV
DRV_COM_WLK_XWAIT,skm_d8_Pk.mtx.omx,XFERWAIT,EV,DRV_COM_WLK_XWAIT__EV
DRV_COM_WLK_BOARDS,skm_d8_Pk.mtx.omx,BOARDINGS,EV,DRV_COM_WLK_BOARDS__EV
DRV_EXP_WLK_WAIT,skm_d6_Pk.mtx.omx,INITWAIT+XFERWAIT,EV,DRV_EXP_WLK_WAIT__EV
DRV_EXP_WLK_TOTIVT,skm_d6_Pk.mtx.omx,T6+DRIVETIME,EV,DRV_EXP_WLK_TOTIVT__EV
DRV_EXP_WLK_KEYIVT,skm_d6_Pk.mtx.omx,T6,EV,DRV_EXP_WLK_KEYIVT__EV
DRV_EXP_WLK_FAR,skm_d6_Pk.mtx.omx,XFARE,EV,DRV_EXP_WLK_FAR__EV
DRV_EXP_WLK_DTIM,skm_d6_Pk.mtx.omx,DRIVETIME,EV,DRV_EXP_WLK_DTIM__EV
DRV_EXP_WLK_WAUX,skm_d6_Pk.mtx.omx,DRIVEDIST,EV,DRV_EXP_WLK_WAUX__EV
DRV_EXP_WLK_IWAIT,skm_d6_Pk.mtx.omx,WALKTIME,EV,DRV_EXP_WLK_IWAIT__EV
DRV_EXP_WLK_XWAIT,skm_d6_Pk.mtx.omx,INITWAIT,EV,DRV_EXP_WLK_XWAIT__EV
DRV_EXP_WLK_BOARDS,skm_d6_Pk.mtx.omx,XFERWAIT,EV,DRV_EXP_WLK_BOARDS__EV
DRV_EXP_WLK_DDIST,skm_d6_Pk.mtx.omx,BOARDINGS,EV,DRV_EXP_WLK_DDIST__EV
DRV_HVY_WLK_WAIT,skm_d9_Pk.mtx.omx,INITWAIT+XFERWAIT,EV,DRV_HVY_WLK_WAIT__EV
DRV_HVY_WLK_TOTIVT,skm_d9_Pk.mtx.omx,T9+DRIVETIME,EV,DRV_HVY_WLK_TOTIVT__EV
DRV_HVY_WLK_KEYIVT,skm_d9_Pk.mtx.omx,T9,EV,DRV_HVY_WLK_KEYIVT__EV
DRV_HVY_WLK_FAR,skm_d9_Pk.mtx.omx,XFARE,EV,DRV_HVY_WLK_FAR__EV
DRV_HVY_WLK_DTIM,skm_d9_Pk.mtx.omx,DRIVETIME,EV,DRV_HVY_WLK_DTIM__EV
DRV_HVY_WLK_DDIST,skm_d9_Pk.mtx.omx,DRIVEDIST,EV,DRV_HVY_WLK_DDIST__EV
DRV_HVY_WLK_WAUX,skm_d9_Pk.mtx.omx,WALKTIME,EV,DRV_HVY_WLK_WAUX__EV
DRV_HVY_WLK_IWAIT,skm_d9_Pk.mtx.omx,INITWAIT,EV,DRV_HVY_WLK_IWAIT__EV
DRV_HVY_WLK_XWAIT,skm_d9_Pk.mtx.omx,XFERWAIT,EV,DRV_HVY_WLK_XWAIT__EV
DRV_HVY_WLK_BOARDS,skm_d9_Pk.mtx.omx,BOARDINGS,EV,DRV_HVY_WLK_BOARDS__EV
DRV_LOC_WLK_WAIT,skm_d4_Pk.mtx.omx,INITWAIT+XFERWAIT,EV,DRV_LOC_WLK_WAIT__EV
DRV_LOC_WLK_TOTIVT,skm_d4_Pk.mtx.omx,T4+DRIVETIME,EV,DRV_LOC_WLK_TOTIVT__EV
DRV_LOC_WLK_KEYIVT,skm_d4_Pk.mtx.omx,T4,EV,DRV_LOC_WLK_KEYIVT__EV
DRV_LOC_WLK_FAR,skm_d4_Pk.mtx.omx,XFARE,EV,DRV_LOC_WLK_FAR__EV
DRV_LOC_WLK_DTIM,skm_d4_Pk.mtx.omx,DRIVETIME,EV,DRV_LOC_WLK_DTIM__EV
DRV_LOC_WLK_DDIST,skm_d4_Pk.mtx.omx,DRIVEDIST,EV,DRV_LOC_WLK_DDIST__EV
DRV_LOC_WLK_WAUX,skm_d4_Pk.mtx.omx,WALKTIME,EV,DRV_LOC_WLK_WAUX__EV
DRV_LOC_WLK_IWAIT,skm_d4_Pk.mtx.omx,INITWAIT,EV,DRV_LOC_WLK_IWAIT__EV
DRV_LOC_WLK_XWAIT,skm_d4_Pk.mtx.omx,XFERWAIT,EV,DRV_LOC_WLK_XWAIT__EV
DRV_LOC_WLK_BOARDS,skm_d4_Pk.mtx.omx,BOARDINGS,EV,DRV_LOC_WLK_BOARDS__EV
DRV_LRF_WLK_WAIT,skm_d7_Pk.mtx.omx,INITWAIT+XFERWAIT,EV,DRV_LRF_WLK_WAIT__EV
DRV_LRF_WLK_TOTIVT,skm_d7_Pk.mtx.omx,T7+DRIVETIME,EV,DRV_LRF_WLK_TOTIVT__EV
DRV_LRF_WLK_KEYIVT,skm_d7_Pk.mtx.omx,T7,EV,DRV_LRF_WLK_KEYIVT__EV
DRV_LRF_WLK_FAR,skm_d7_Pk.mtx.omx,XFARE,EV,DRV_LRF_WLK_FAR__EV
DRV_LRF_WLK_DTIM,skm_d7_Pk.mtx.omx,DRIVETIME,EV,DRV_LRF_WLK_DTIM__EV
DRV_LRF_WLK_DDIST,skm_d7_Pk.mtx.omx,DRIVEDIST,EV,DRV_LRF_WLK_DDIST__EV
DRV_LRF_WLK_WAUX,skm_d7_Pk.mtx.omx,WALKTIME,EV,DRV_LRF_WLK_WAUX__EV
DRV_LRF_WLK_IWAIT,skm_d7_Pk.mtx.omx,INITWAIT,EV,DRV_LRF_WLK_IWAIT__EV
DRV_LRF_WLK_XWAIT,skm_d7_Pk.mtx.omx,XFERWAIT,EV,DRV_LRF_WLK_XWAIT__EV
DRV_LRF_WLK_BOARDS,skm_d7_Pk.mtx.omx,BOARDINGS,EV,DRV_LRF_WLK_BOARDS__EV
WLK_COM_DRV_WAIT,skm_d8_Pk.mtx.omx,INITWAIT+XFERWAIT,EV,WLK_COM_DRV_WAIT__EV
WLK_COM_DRV_TOTIVT,skm_d8_Pk.mtx.omx,T8+DRIVETIME,EV,WLK_COM_DRV_TOTIVT__EV
WLK_COM_DRV_KEYIVT,skm_d8_Pk.mtx.omx,T8,EV,WLK_COM_DRV_KEYIVT__EV
WLK_COM_DRV_FAR,skm_d8_Pk.mtx.omx,XFARE,EV,WLK_COM_DRV_FAR__EV
WLK_COM_DRV_DTIM,skm_d8_Pk.mtx.omx,DRIVETIME,EV,WLK_COM_DRV_DTIM__EV
WLK_COM_DRV_DDIST,skm_d8_Pk.mtx.omx,DRIVEDIST,EV,WLK_COM_DRV_DDIST__EV
WLK_COM_DRV_WAUX,skm_d8_Pk.mtx.omx,WALKTIME,EV,WLK_COM_DRV_WAUX__EV
WLK_COM_DRV_IWAIT,skm_d8_Pk.mtx.omx,INITWAIT,EV,WLK_COM_DRV_IWAIT__EV
WLK_COM_DRV_XWAIT,skm_d8_Pk.mtx.omx,XFERWAIT,EV,WLK_COM_DRV_XWAIT__EV
WLK_COM_DRV_BOARDS,skm_d8_Pk.mtx.omx,BOARDINGS,EV,WLK_COM_DRV_BOARDS__EV
WLK_COM_WLK_WAIT,skm_w8_Pk.mtx.omx,INITWAIT+XFERWAIT,EV,WLK_COM_WLK_WAIT__EV
WLK_COM_WLK_TOTIVT,skm_w8_Pk.mtx.omx,T8,EV,WLK_COM_WLK_TOTIVT__EV
WLK_COM_WLK_KEYIVT,skm_w8_Pk.mtx.omx,T8,EV,WLK_COM_WLK_KEYIVT__EV
WLK_COM_WLK_FAR,skm_w8_Pk.mtx.omx,XFARE,EV,WLK_COM_WLK_FAR__EV
WLK_COM_WLK_WAUX,skm_w8_Pk.mtx.omx,WALKTIME,EV,WLK_COM_WLK_WAUX__EV
WLK_COM_WLK_IWAIT,skm_w8_Pk.mtx.omx,INITWAIT,EV,WLK_COM_WLK_IWAIT__EV
WLK_COM_WLK_XWAIT,skm_w8_Pk.mtx.omx,XFERWAIT,EV,WLK_COM_WLK_XWAIT__EV
WLK_COM_WLK_BOARDS,skm_w8_Pk.mtx.omx,BOARDINGS,EV,WLK_COM_WLK_BOARDS__EV
WLK_EXP_DRV_WAIT,skm_d6_Pk.mtx.omx,INITWAIT+XFERWAIT,EV,WLK_EXP_DRV_WAIT__EV
WLK_EXP_DRV_TOTIVT,skm_d6_Pk.mtx.omx,T6+DRIVETIME,EV,WLK_EXP_DRV_TOTIVT__EV
WLK_EXP_DRV_KEYIVT,skm_d6_Pk.mtx.omx,T6,EV,WLK_EXP_DRV_KEYIVT__EV
WLK_EXP_DRV_FAR,skm_d6_Pk.mtx.omx,XFARE,EV,WLK_EXP_DRV_FAR__EV
WLK_EXP_DRV_DTIM,skm_d6_Pk.mtx.omx,DRIVETIME,EV,WLK_EXP_DRV_DTIM__EV
WLK_EXP_DRV_WAUX,skm_d6_Pk.mtx.omx,DRIVEDIST,EV,WLK_EXP_DRV_WAUX__EV
WLK_EXP_DRV_IWAIT,skm_d6_Pk.mtx.omx,WALKTIME,EV,WLK_EXP_DRV_IWAIT__EV
WLK_EXP_DRV_XWAIT,skm_d6_Pk.mtx.omx,INITWAIT,EV,WLK_EXP_DRV_XWAIT__EV
WLK_EXP_DRV_BOARDS,skm_d6_Pk.mtx.omx,XFERWAIT,EV,WLK_EXP_DRV_BOARDS__EV
WLK_EXP_DRV_DDIST,skm_d6_Pk.mtx.omx,BOARDINGS,EV,WLK_EXP_DRV_DDIST__EV
WLK_EXP_WLK_WAIT,skm_w6_Pk.mtx.omx,INITWAIT+XFERWAIT,EV,WLK_EXP_WLK_WAIT__EV
WLK_EXP_WLK_TOTIVT,skm_w6_Pk.mtx.omx,T6,EV,WLK_EXP_WLK_TOTIVT__EV
WLK_EXP_WLK_KEYIVT,skm_w6_Pk.mtx.omx,T6,EV,WLK_EXP_WLK_KEYIVT__EV
WLK_EXP_WLK_FAR,skm_w6_Pk.mtx.omx,XFARE,EV,WLK_EXP_WLK_FAR__EV
WLK_EXP_WLK_WAUX,skm_w6_Pk.mtx.omx,WALKTIME,EV,WLK_EXP_WLK_WAUX__EV
WLK_EXP_WLK_IWAIT,skm_w6_Pk.mtx.omx,INITWAIT,EV,WLK_EXP_WLK_IWAIT__EV
WLK_EXP_WLK_XWAIT,skm_w6_Pk.mtx.omx,XFERWAIT,EV,WLK_EXP_WLK_XWAIT__EV
WLK_EXP_WLK_BOARDS,skm_w6_Pk.mtx.omx,BOARDINGS,EV,WLK_EXP_WLK_BOARDS__EV
WLK_HVY_DRV_WAIT,skm_d9_Pk.mtx.omx,INITWAIT+XFERWAIT,EV,WLK_HVY_DRV_WAIT__EV
WLK_HVY_DRV_TOTIVT,skm_d9_Pk.mtx.omx,T9+DRIVETIME,EV,WLK_HVY_DRV_TOTIVT__EV
WLK_HVY_DRV_KEYIVT,skm_d9_Pk.mtx.omx,T9,EV,WLK_HVY_DRV_KEYIVT__EV
WLK_HVY_DRV_FAR,skm_d9_Pk.mtx.omx,XFARE,EV,WLK_HVY_DRV_FAR__EV
WLK_HVY_DRV_DTIM,skm_d9_Pk.mtx.omx,DRIVETIME,EV,WLK_HVY_DRV_DTIM__EV
WLK_HVY_DRV_DDIST,skm_d9_Pk.mtx.omx,DRIVEDIST,EV,WLK_HVY_DRV_DDIST__EV
WLK_HVY_DRV_WAUX,skm_d9_Pk.mtx.omx,WALKTIME,EV,WLK_HVY_DRV_WAUX__EV
WLK_HVY_DRV_IWAIT,skm_d9_Pk.mtx.omx,INITWAIT,EV,WLK_HVY_DRV_IWAIT__EV
WLK_HVY_DRV_XWAIT,skm_d9_Pk.mtx.omx,XFERWAIT,EV,WLK_HVY_DRV_XWAIT__EV
WLK_HVY_DRV_BOARDS,skm_d9_Pk.mtx.omx,BOARDINGS,EV,WLK_HVY_DRV_BOARDS__EV
WLK_HVY_WLK_WAIT,skm_w9_Pk.mtx.omx,INITWAIT+XFERWAIT,EV,WLK_HVY_WLK_WAIT__EV
WLK_HVY_WLK_TOTIVT,skm_w9_Pk.mtx.omx,T9,EV,WLK_HVY_WLK_TOTIVT__EV
WLK_HVY_WLK_KEYIVT,skm_w9_Pk.mtx.omx,T9,EV,WLK_HVY_WLK_KEYIVT__EV
WLK_HVY_WLK_FAR,skm_w9_Pk.mtx.omx,XFARE,EV,WLK_HVY_WLK_FAR__EV
WLK_HVY_WLK_WAUX,skm_w9_Pk.mtx.omx,WALKTIME,EV,WLK_HVY_WLK_WAUX__EV
WLK_HVY_WLK_IWAIT,skm_w9_Pk.mtx.omx,INITWAIT,EV,WLK_HVY_WLK_IWAIT__EV
WLK_HVY_WLK_XWAIT,skm_w9_Pk.mtx.omx,XFERWAIT,EV,WLK_HVY_WLK_XWAIT__EV
WLK_HVY_WLK_BOARDS,skm_w9_Pk.mtx.omx,BOARDINGS,EV,WLK_HVY_WLK_BOARDS__EV
WLK_LOC_DRV_WAIT,skm_d4_Pk.mtx.omx,INITWAIT+XFERWAIT,EV,WLK_LOC_DRV_WAIT__EV
WLK_LOC_DRV_TOTIVT,skm_d4_Pk.mtx.omx,T4+DRIVETIME,EV,WLK_LOC_DRV_TOTIVT__EV
WLK_LOC_DRV_KEYIVT,skm_d4_Pk.mtx.omx,T4,EV,WLK_LOC_DRV_KEYIVT__EV
WLK_LOC_DRV_FAR,skm_d4_Pk.mtx.omx,XFARE,EV,WLK_LOC_DRV_FAR__EV
WLK_LOC_DRV_DTIM,skm_d4_Pk.mtx.omx,DRIVETIME,EV,WLK_LOC_DRV_DTIM__EV
WLK_LOC_DRV_DDIST,skm_d4_Pk.mtx.omx,DRIVEDIST,EV,WLK_LOC_DRV_DDIST__EV
WLK_LOC_DRV_WAUX,skm_d4_Pk.mtx.omx,WALKTIME,EV,WLK_LOC_DRV_WAUX__EV
WLK_LOC_DRV_IWAIT,skm_d4_Pk.mtx.omx,INITWAIT,EV,WLK_LOC_DRV_IWAIT__EV
WLK_LOC_DRV_XWAIT,skm_d4_Pk.mtx.omx,XFERWAIT,EV,WLK_LOC_DRV_XWAIT__EV
WLK_LOC_DRV_BOARDS,skm_d4_Pk.mtx.omx,BOARDINGS,EV,WLK_LOC_DRV_BOARDS__EV
WLK_LOC_WLK_WAIT,skm_w4_Pk.mtx.omx,INITWAIT+XFERWAIT,EV,WLK_LOC_WLK_WAIT__EV
WLK_LOC_WLK_TOTIVT,skm_w4_Pk.mtx.omx,T4,EV,WLK_LOC_WLK_TOTIVT__EV
WLK_LOC_WLK_FAR,skm_w4_Pk.mtx.omx,T4,EV,WLK_LOC_WLK_FAR__EV
WLK_LOC_WLK_WAUX,skm_w4_Pk.mtx.omx,XFARE,EV,WLK_LOC_WLK_WAUX__EV
WLK_LOC_WLK_IWAIT,skm_w4_Pk.mtx.omx,WALKTIME,EV,WLK_LOC_WLK_IWAIT__EV
WLK_LOC_WLK_XWAIT,skm_w4_Pk.mtx.omx,INITWAIT,EV,WLK_LOC_WLK_XWAIT__EV
WLK_LOC_WLK_BOARDS,skm_w4_Pk.mtx.omx,XFERWAIT,EV,WLK_LOC_WLK_BOARDS__EV
WLK_LRF_DRV_WAIT,skm_d4_Pk.mtx.omx,BOARDINGS,EV,WLK_LRF_DRV_WAIT__EV
WLK_LRF_DRV_TOTIVT,skm_d7_Pk.mtx.omx,T7+DRIVETIME,EV,WLK_LRF_DRV_TOTIVT__EV
WLK_LRF_DRV_KEYIVT,skm_d7_Pk.mtx.omx,T7,EV,WLK_LRF_DRV_KEYIVT__EV
WLK_LRF_DRV_FAR,skm_d7_Pk.mtx.omx,XFARE,EV,WLK_LRF_DRV_FAR__EV
WLK_LRF_DRV_DTIM,skm_d7_Pk.mtx.omx,DRIVETIME,EV,WLK_LRF_DRV_DTIM__EV
WLK_LRF_DRV_DDIST,skm_d7_Pk.mtx.omx,DRIVEDIST,EV,WLK_LRF_DRV_DDIST__EV
WLK_LRF_DRV_WAUX,skm_d7_Pk.mtx.omx,WALKTIME,EV,WLK_LRF_DRV_WAUX__EV
WLK_LRF_DRV_IWAIT,skm_d7_Pk.mtx.omx,INITWAIT,EV,WLK_LRF_DRV_IWAIT__EV
WLK_LRF_DRV_XWAIT,skm_d7_Pk.mtx.omx,XFERWAIT,EV,WLK_LRF_DRV_XWAIT__EV
WLK_LRF_DRV_BOARDS,skm_d7_Pk.mtx.omx,BOARDINGS,EV,WLK_LRF_DRV_BOARDS__EV
WLK_LRF_WLK_WAIT,skm_w7_Pk.mtx.omx,INITWAIT+XFERWAIT,EV,WLK_LRF_WLK_WAIT__EV
WLK_LRF_WLK_TOTIVT,skm_w7_Pk.mtx.omx,T7,EV,WLK_LRF_WLK_TOTIVT__EV
WLK_LRF_WLK_KEYIVT,skm_w7_Pk.mtx.omx,T7,EV,WLK_LRF_WLK_KEYIVT__EV
WLK_LRF_WLK_FAR,skm_w7_Pk.mtx.omx,XFARE,EV,WLK_LRF_WLK_FAR__EV
WLK_LRF_WLK_WAUX,skm_w7_Pk.mtx.omx,WALKTIME,EV,WLK_LRF_WLK_WAUX__EV
WLK_LRF_WLK_IWAIT,skm_w7_Pk.mtx.omx,INITWAIT,EV,WLK_LRF_WLK_IWAIT__EV
WLK_LRF_WLK_XWAIT,skm_w7_Pk.mtx.omx,XFERWAIT,EV,WLK_LRF_WLK_XWAIT__EV
WLK_LRF_WLK_BOARDS,skm_w7_Pk.mtx.omx,BOARDINGS,EV,WLK_LRF_WLK_BOARDS__EV
DRV_COM_WLK_WAIT,skm_d8_Pk.mtx.omx,INITWAIT+XFERWAIT,MD,DRV_COM_WLK_WAIT__MD
DRV_COM_WLK_TOTIVT,skm_d8_Pk.mtx.omx,T8+DRIVETIME,MD,DRV_COM_WLK_TOTIVT__MD
DRV_COM_WLK_KEYIVT,skm_d8_Pk.mtx.omx,T8,MD,DRV_COM_WLK_KEYIVT__MD
DRV_COM_WLK_FAR,skm_d8_Pk.mtx.omx,XFARE,MD,DRV_COM_WLK_FAR__MD
DRV_COM_WLK_DTIM,skm_d8_Pk.mtx.omx,DRIVETIME,MD,DRV_COM_WLK_DTIM__MD
DRV_COM_WLK_DDIST,skm_d8_Pk.mtx.omx,DRIVEDIST,MD,DRV_COM_WLK_DDIST__MD
DRV_COM_WLK_WAUX,skm_d8_Pk.mtx.omx,WALKTIME,MD,DRV_COM_WLK_WAUX__MD
DRV_COM_WLK_IWAIT,skm_d8_Pk.mtx.omx,INITWAIT,MD,DRV_COM_WLK_IWAIT__MD
DRV_COM_WLK_XWAIT,skm_d8_Pk.mtx.omx,XFERWAIT,MD,DRV_COM_WLK_XWAIT__MD
DRV_COM_WLK_BOARDS,skm_d8_Pk.mtx.omx,BOARDINGS,MD,DRV_COM_WLK_BOARDS__MD
DRV_EXP_WLK_WAIT,skm_d6_Pk.mtx.omx,INITWAIT+XFERWAIT,MD,DRV_EXP_WLK_WAIT__MD
DRV_EXP_WLK_TOTIVT,skm_d6_Pk.mtx.omx,T6+DRIVETIME,MD,DRV_EXP_WLK_TOTIVT__MD
DRV_EXP_WLK_KEYIVT,skm_d6_Pk.mtx.omx,T6,MD,DRV_EXP_WLK_KEYIVT__MD
DRV_EXP_WLK_FAR,skm_d6_Pk.mtx.omx,XFARE,MD,DRV_EXP_WLK_FAR__MD
DRV_EXP_WLK_DTIM,skm_d6_Pk.mtx.omx,DRIVETIME,MD,DRV_EXP_WLK_DTIM__MD
DRV_EXP_WLK_WAUX,skm_d6_Pk.mtx.omx,DRIVEDIST,MD,DRV_EXP_WLK_WAUX__MD
DRV_EXP_WLK_IWAIT,skm_d6_Pk.mtx.omx,WALKTIME,MD,DRV_EXP_WLK_IWAIT__MD
DRV_EXP_WLK_XWAIT,skm_d6_Pk.mtx.omx,INITWAIT,MD,DRV_EXP_WLK_XWAIT__MD
DRV_EXP_WLK_BOARDS,skm_d6_Pk.mtx.omx,XFERWAIT,MD,DRV_EXP_WLK_BOARDS__MD
DRV_EXP_WLK_DDIST,skm_d6_Pk.mtx.omx,BOARDINGS,MD,DRV_EXP_WLK_DDIST__MD
DRV_HVY_WLK_WAIT,skm_d9_Pk.mtx.omx,INITWAIT+XFERWAIT,MD,DRV_HVY_WLK_WAIT__MD
DRV_HVY_WLK_TOTIVT,skm_d9_Pk.mtx.omx,T9+DRIVETIME,MD,DRV_HVY_WLK_TOTIVT__MD
DRV_HVY_WLK_KEYIVT,skm_d9_Pk.mtx.omx,T9,MD,DRV_HVY_WLK_KEYIVT__MD
DRV_HVY_WLK_FAR,skm_d9_Pk.mtx.omx,XFARE,MD,DRV_HVY_WLK_FAR__MD
DRV_HVY_WLK_DTIM,skm_d9_Pk.mtx.omx,DRIVETIME,MD,DRV_HVY_WLK_DTIM__MD
DRV_HVY_WLK_DDIST,skm_d9_Pk.mtx.omx,DRIVEDIST,MD,DRV_HVY_WLK_DDIST__MD
DRV_HVY_WLK_WAUX,skm_d9_Pk.mtx.omx,WALKTIME,MD,DRV_HVY_WLK_WAUX__MD
DRV_HVY_WLK_IWAIT,skm_d9_Pk.mtx.omx,INITWAIT,MD,DRV_HVY_WLK_IWAIT__MD
DRV_HVY_WLK_XWAIT,skm_d9_Pk.mtx.omx,XFERWAIT,MD,DRV_HVY_WLK_XWAIT__MD
DRV_HVY_WLK_BOARDS,skm_d9_Pk.mtx.omx,BOARDINGS,MD,DRV_HVY_WLK_BOARDS__MD
DRV_LOC_WLK_WAIT,skm_d4_Pk.mtx.omx,INITWAIT+XFERWAIT,MD,DRV_LOC_WLK_WAIT__MD
DRV_LOC_WLK_TOTIVT,skm_d4_Pk.mtx.omx,T4+DRIVETIME,MD,DRV_LOC_WLK_TOTIVT__MD
DRV_LOC_WLK_KEYIVT,skm_d4_Pk.mtx.omx,T4,MD,DRV_LOC_WLK_KEYIVT__MD
DRV_LOC_WLK_FAR,skm_d4_Pk.mtx.omx,XFARE,MD,DRV_LOC_WLK_FAR__MD
DRV_LOC_WLK_DTIM,skm_d4_Pk.mtx.omx,DRIVETIME,MD,DRV_LOC_WLK_DTIM__MD
DRV_LOC_WLK_DDIST,skm_d4_Pk.mtx.omx,DRIVEDIST,MD,DRV_LOC_WLK_DDIST__MD
DRV_LOC_WLK_WAUX,skm_d4_Pk.mtx.omx,WALKTIME,MD,DRV_LOC_WLK_WAUX__MD
DRV_LOC_WLK_IWAIT,skm_d4_Pk.mtx.omx,INITWAIT,MD,DRV_LOC_WLK_IWAIT__MD
DRV_LOC_WLK_XWAIT,skm_d4_Pk.mtx.omx,XFERWAIT,MD,DRV_LOC_WLK_XWAIT__MD
DRV_LOC_WLK_BOARDS,skm_d4_Pk.mtx.omx,BOARDINGS,MD,DRV_LOC_WLK_BOARDS__MD
DRV_LRF_WLK_WAIT,skm_d7_Pk.mtx.omx,INITWAIT+XFERWAIT,MD,DRV_LRF_WLK_WAIT__MD
DRV_LRF_WLK_TOTIVT,skm_d7_Pk.mtx.omx,T7+DRIVETIME,MD,DRV_LRF_WLK_TOTIVT__MD
DRV_LRF_WLK_KEYIVT,skm_d7_Pk.mtx.omx,T7,MD,DRV_LRF_WLK_KEYIVT__MD
DRV_LRF_WLK_FAR,skm_d7_Pk.mtx.omx,XFARE,MD,DRV_LRF_WLK_FAR__MD
DRV_LRF_WLK_DTIM,skm_d7_Pk.mtx.omx,DRIVETIME,MD,DRV_LRF_WLK_DTIM__MD
DRV_LRF_WLK_DDIST,skm_d7_Pk.mtx.omx,DRIVEDIST,MD,DRV_LRF_WLK_DDIST__MD
DRV_LRF_WLK_WAUX,skm_d7_Pk.mtx.omx,WALKTIME,MD,DRV_LRF_WLK_WAUX__MD
DRV_LRF_WLK_IWAIT,skm_d7_Pk.mtx.omx,INITWAIT,MD,DRV_LRF_WLK_IWAIT__MD
DRV_LRF_WLK_XWAIT,skm_d7_Pk.mtx.omx,XFERWAIT,MD,DRV_LRF_WLK_XWAIT__MD
DRV_LRF_WLK_BOARDS,skm_d7_Pk.mtx.omx,BOARDINGS,MD,DRV_LRF_WLK_BOARDS__MD
WLK_COM_DRV_WAIT,skm_d8_Pk.mtx.omx,INITWAIT+XFERWAIT,MD,WLK_COM_DRV_WAIT__MD
WLK_COM_DRV_TOTIVT,skm_d8_Pk.mtx.omx,T8+DRIVETIME,MD,WLK_COM_DRV_TOTIVT__MD
WLK_COM_DRV_KEYIVT,skm_d8_Pk.mtx.omx,T8,MD,WLK_COM_DRV_KEYIVT__MD
WLK_COM_DRV_FAR,skm_d8_Pk.mtx.omx,XFARE,MD,WLK_COM_DRV_FAR__MD
WLK_COM_DRV_DTIM,skm_d8_Pk.mtx.omx,DRIVETIME,MD,WLK_COM_DRV_DTIM__MD
WLK_COM_DRV_DDIST,skm_d8_Pk.mtx.omx,DRIVEDIST,MD,WLK_COM_DRV_DDIST__MD
WLK_COM_DRV_WAUX,skm_d8_Pk.mtx.omx,WALKTIME,MD,WLK_COM_DRV_WAUX__MD
WLK_COM_DRV_IWAIT,skm_d8_Pk.mtx.omx,INITWAIT,MD,WLK_COM_DRV_IWAIT__MD
WLK_COM_DRV_XWAIT,skm_d8_Pk.mtx.omx,XFERWAIT,MD,WLK_COM_DRV_XWAIT__MD
WLK_COM_DRV_BOARDS,skm_d8_Pk.mtx.omx,BOARDINGS,MD,WLK_COM_DRV_BOARDS__MD
WLK_COM_WLK_WAIT,skm_w8_Pk.mtx.omx,INITWAIT+XFERWAIT,MD,WLK_COM_WLK_WAIT__MD
WLK_COM_WLK_TOTIVT,skm_w8_Pk.mtx.omx,T8,MD,WLK_COM_WLK_TOTIVT__MD
WLK_COM_WLK_KEYIVT,skm_w8_Pk.mtx.omx,T8,MD,WLK_COM_WLK_KEYIVT__MD
WLK_COM_WLK_FAR,skm_w8_Pk.mtx.omx,XFARE,MD,WLK_COM_WLK_FAR__MD
WLK_COM_WLK_WAUX,skm_w8_Pk.mtx.omx,WALKTIME,MD,WLK_COM_WLK_WAUX__MD
WLK_COM_WLK_IWAIT,skm_w8_Pk.mtx.omx,INITWAIT,MD,WLK_COM_WLK_IWAIT__MD
WLK_COM_WLK_XWAIT,skm_w8_Pk.mtx.omx,XFERWAIT,MD,WLK_COM_WLK_XWAIT__MD
WLK_COM_WLK_BOARDS,skm_w8_Pk.mtx.omx,BOARDINGS,MD,WLK_COM_WLK_BOARDS__MD
WLK_EXP_DRV_WAIT,skm_d6_Pk.mtx.omx,INITWAIT+XFERWAIT,MD,WLK_EXP_DRV_WAIT__MD
WLK_EXP_DRV_TOTIVT,skm_d6_Pk.mtx.omx,T6+DRIVETIME,MD,WLK_EXP_DRV_TOTIVT__MD
WLK_EXP_DRV_KEYIVT,skm_d6_Pk.mtx.omx,T6,MD,WLK_EXP_DRV_KEYIVT__MD
WLK_EXP_DRV_FAR,skm_d6_Pk.mtx.omx,XFARE,MD,WLK_EXP_DRV_FAR__MD
WLK_EXP_DRV_DTIM,skm_d6_Pk.mtx.omx,DRIVETIME,MD,WLK_EXP_DRV_DTIM__MD
WLK_EXP_DRV_WAUX,skm_d6_Pk.mtx.omx,DRIVEDIST,MD,WLK_EXP_DRV_WAUX__MD
WLK_EXP_DRV_IWAIT,skm_d6_Pk.mtx.omx,WALKTIME,MD,WLK_EXP_DRV_IWAIT__MD
WLK_EXP_DRV_XWAIT,skm_d6_Pk.mtx.omx,INITWAIT,MD,WLK_EXP_DRV_XWAIT__MD
WLK_EXP_DRV_BOARDS,skm_d6_Pk.mtx.omx,XFERWAIT,MD,WLK_EXP_DRV_BOARDS__MD
WLK_EXP_DRV_DDIST,skm_d6_Pk.mtx.omx,BOARDINGS,MD,WLK_EXP_DRV_DDIST__MD
WLK_EXP_WLK_WAIT,skm_w6_Pk.mtx.omx,INITWAIT+XFERWAIT,MD,WLK_EXP_WLK_WAIT__MD
WLK_EXP_WLK_TOTIVT,skm_w6_Pk.mtx.omx,T6,MD,WLK_EXP_WLK_TOTIVT__MD
WLK_EXP_WLK_KEYIVT,skm_w6_Pk.mtx.omx,T6,MD,WLK_EXP_WLK_KEYIVT__MD
WLK_EXP_WLK_FAR,skm_w6_Pk.mtx.omx,XFARE,MD,WLK_EXP_WLK_FAR__MD
WLK_EXP_WLK_WAUX,skm_w6_Pk.mtx.omx,WALKTIME,MD,WLK_EXP_WLK_WAUX__MD
WLK_EXP_WLK_IWAIT,skm_w6_Pk.mtx.omx,INITWAIT,MD,WLK_EXP_WLK_IWAIT__MD
WLK_EXP_WLK_XWAIT,skm_w6_Pk.mtx.omx,XFERWAIT,MD,WLK_EXP_WLK_XWAIT__MD
WLK_EXP_WLK_BOARDS,skm_w6_Pk.mtx.omx,BOARDINGS,MD,WLK_EXP_WLK_BOARDS__MD
WLK_HVY_DRV_WAIT,skm_d9_Pk.mtx.omx,INITWAIT+XFERWAIT,MD,WLK_HVY_DRV_WAIT__MD
WLK_HVY_DRV_TOTIVT,skm_d9_Pk.mtx.omx,T9+DRIVETIME,MD,WLK_HVY_DRV_TOTIVT__MD
WLK_HVY_DRV_KEYIVT,skm_d9_Pk.mtx.omx,T9,MD,WLK_HVY_DRV_KEYIVT__MD
WLK_HVY_DRV_FAR,skm_d9_Pk.mtx.omx,XFARE,MD,WLK_HVY_DRV_FAR__MD
WLK_HVY_DRV_DTIM,skm_d9_Pk.mtx.omx,DRIVETIME,MD,WLK_HVY_DRV_DTIM__MD
WLK_HVY_DRV_DDIST,skm_d9_Pk.mtx.omx,DRIVEDIST,MD,WLK_HVY_DRV_DDIST__MD
WLK_HVY_DRV_WAUX,skm_d9_Pk.mtx.omx,WALKTIME,MD,WLK_HVY_DRV_WAUX__MD
WLK_HVY_DRV_IWAIT,skm_d9_Pk.mtx.omx,INITWAIT,MD,WLK_HVY_DRV_IWAIT__MD
WLK_HVY_DRV_XWAIT,skm_d9_Pk.mtx.omx,XFERWAIT,MD,WLK_HVY_DRV_XWAIT__MD
WLK_HVY_DRV_BOARDS,skm_d9_Pk.mtx.omx,BOARDINGS,MD,WLK_HVY_DRV_BOARDS__MD
WLK_HVY_WLK_WAIT,skm_w9_Pk.mtx.omx,INITWAIT+XFERWAIT,MD,WLK_HVY_WLK_WAIT__MD
WLK_HVY_WLK_TOTIVT,skm_w9_Pk.mtx.omx,T9,MD,WLK_HVY_WLK_TOTIVT__MD
WLK_HVY_WLK_KEYIVT,skm_w9_Pk.mtx.omx,T9,MD,WLK_HVY_WLK_KEYIVT__MD
WLK_HVY_WLK_FAR,skm_w9_Pk.mtx.omx,XFARE,MD,WLK_HVY_WLK_FAR__MD
WLK_HVY_WLK_WAUX,skm_w9_Pk.mtx.omx,WALKTIME,MD,WLK_HVY_WLK_WAUX__MD
WLK_HVY_WLK_IWAIT,skm_w9_Pk.mtx.omx,INITWAIT,MD,WLK_HVY_WLK_IWAIT__MD
WLK_HVY_WLK_XWAIT,skm_w9_Pk.mtx.omx,XFERWAIT,MD,WLK_HVY_WLK_XWAIT__MD
WLK_HVY_WLK_BOARDS,skm_w9_Pk.mtx.omx,BOARDINGS,MD,WLK_HVY_WLK_BOARDS__MD
WLK_LOC_DRV_WAIT,skm_d4_Pk.mtx.omx,INITWAIT+XFERWAIT,MD,WLK_LOC_DRV_WAIT__MD
WLK_LOC_DRV_TOTIVT,skm_d4_Pk.mtx.omx,T4+DRIVETIME,MD,WLK_LOC_DRV_TOTIVT__MD
WLK_LOC_DRV_KEYIVT,skm_d4_Pk.mtx.omx,T4,MD,WLK_LOC_DRV_KEYIVT__MD
WLK_LOC_DRV_FAR,skm_d4_Pk.mtx.omx,XFARE,MD,WLK_LOC_DRV_FAR__MD
WLK_LOC_DRV_DTIM,skm_d4_Pk.mtx.omx,DRIVETIME,MD,WLK_LOC_DRV_DTIM__MD
WLK_LOC_DRV_DDIST,skm_d4_Pk.mtx.omx,DRIVEDIST,MD,WLK_LOC_DRV_DDIST__MD
WLK_LOC_DRV_WAUX,skm_d4_Pk.mtx.omx,WALKTIME,MD,WLK_LOC_DRV_WAUX__MD
WLK_LOC_DRV_IWAIT,skm_d4_Pk.mtx.omx,INITWAIT,MD,WLK_LOC_DRV_IWAIT__MD
WLK_LOC_DRV_XWAIT,skm_d4_Pk.mtx.omx,XFERWAIT,MD,WLK_LOC_DRV_XWAIT__MD
WLK_LOC_DRV_BOARDS,skm_d4_Pk.mtx.omx,BOARDINGS,MD,WLK_LOC_DRV_BOARDS__MD
WLK_LOC_WLK_WAIT,skm_w4_Pk.mtx.omx,INITWAIT+XFERWAIT,MD,WLK_LOC_WLK_WAIT__MD
WLK_LOC_WLK_TOTIVT,skm_w4_Pk.mtx.omx,T4,MD,WLK_LOC_WLK_TOTIVT__MD
WLK_LOC_WLK_FAR,skm_w4_Pk.mtx.omx,T4,MD,WLK_LOC_WLK_FAR__MD
WLK_LOC_WLK_WAUX,skm_w4_Pk.mtx.omx,XFARE,MD,WLK_LOC_WLK_WAUX__MD
WLK_LOC_WLK_IWAIT,skm_w4_Pk.mtx.omx,WALKTIME,MD,WLK_LOC_WLK_IWAIT__MD
WLK_LOC_WLK_XWAIT,skm_w4_Pk.mtx.omx,INITWAIT,MD,WLK_LOC_WLK_XWAIT__MD
WLK_LOC_WLK_BOARDS,skm_w4_Pk.mtx.omx,XFERWAIT,MD,WLK_LOC_WLK_BOARDS__MD
WLK_LRF_DRV_WAIT,skm_d4_Pk.mtx.omx,BOARDINGS,MD,WLK_LRF_DRV_WAIT__MD
WLK_LRF_DRV_TOTIVT,skm_d7_Pk.mtx.omx,T7+DRIVETIME,MD,WLK_LRF_DRV_TOTIVT__MD
WLK_LRF_DRV_KEYIVT,skm_d7_Pk.mtx.omx,T7,MD,WLK_LRF_DRV_KEYIVT__MD
WLK_LRF_DRV_FAR,skm_d7_Pk.mtx.omx,XFARE,MD,WLK_LRF_DRV_FAR__MD
WLK_LRF_DRV_DTIM,skm_d7_Pk.mtx.omx,DRIVETIME,MD,WLK_LRF_DRV_DTIM__MD
WLK_LRF_DRV_DDIST,skm_d7_Pk.mtx.omx,DRIVEDIST,MD,WLK_LRF_DRV_DDIST__MD
WLK_LRF_DRV_WAUX,skm_d7_Pk.mtx.omx,WALKTIME,MD,WLK_LRF_DRV_WAUX__MD
WLK_LRF_DRV_IWAIT,skm_d7_Pk.mtx.omx,INITWAIT,MD,WLK_LRF_DRV_IWAIT__MD
WLK_LRF_DRV_XWAIT,skm_d7_Pk.mtx.omx,XFERWAIT,MD,WLK_LRF_DRV_XWAIT__MD
WLK_LRF_DRV_BOARDS,skm_d7_Pk.mtx.omx,BOARDINGS,MD,WLK_LRF_DRV_BOARDS__MD
WLK_LRF_WLK_WAIT,skm_w7_Pk.mtx.omx,INITWAIT+XFERWAIT,MD,WLK_LRF_WLK_WAIT__MD
WLK_LRF_WLK_TOTIVT,skm_w7_Pk.mtx.omx,T7,MD,WLK_LRF_WLK_TOTIVT__MD
WLK_LRF_WLK_KEYIVT,skm_w7_Pk.mtx.omx,T7,MD,WLK_LRF_WLK_KEYIVT__MD
WLK_LRF_WLK_FAR,skm_w7_Pk.mtx.omx,XFARE,MD,WLK_LRF_WLK_FAR__MD
WLK_LRF_WLK_WAUX,skm_w7_Pk.mtx.omx,WALKTIME,MD,WLK_LRF_WLK_WAUX__MD
WLK_LRF_WLK_IWAIT,skm_w7_Pk.mtx.omx,INITWAIT,MD,WLK_LRF_WLK_IWAIT__MD
WLK_LRF_WLK_XWAIT,skm_w7_Pk.mtx.omx,XFERWAIT,MD,WLK_LRF_WLK_XWAIT__MD
WLK_LRF_WLK_BOARDS,skm_w7_Pk.mtx.omx,BOARDINGS,MD,WLK_LRF_WLK_BOARDS__MD
DRV_COM_WLK_WAIT,skm_d8_Pk.mtx.omx,INITWAIT+XFERWAIT,PM,DRV_COM_WLK_WAIT__PM
DRV_COM_WLK_TOTIVT,skm_d8_Pk.mtx.omx,T8+DRIVETIME,PM,DRV_COM_WLK_TOTIVT__PM
DRV_COM_WLK_KEYIVT,skm_d8_Pk.mtx.omx,T8,PM,DRV_COM_WLK_KEYIVT__PM
DRV_COM_WLK_FAR,skm_d8_Pk.mtx.omx,XFARE,PM,DRV_COM_WLK_FAR__PM
DRV_COM_WLK_DTIM,skm_d8_Pk.mtx.omx,DRIVETIME,PM,DRV_COM_WLK_DTIM__PM
DRV_COM_WLK_DDIST,skm_d8_Pk.mtx.omx,DRIVEDIST,PM,DRV_COM_WLK_DDIST__PM
DRV_COM_WLK_WAUX,skm_d8_Pk.mtx.omx,WALKTIME,PM,DRV_COM_WLK_WAUX__PM
DRV_COM_WLK_IWAIT,skm_d8_Pk.mtx.omx,INITWAIT,PM,DRV_COM_WLK_IWAIT__PM
DRV_COM_WLK_XWAIT,skm_d8_Pk.mtx.omx,XFERWAIT,PM,DRV_COM_WLK_XWAIT__PM
DRV_COM_WLK_BOARDS,skm_d8_Pk.mtx.omx,BOARDINGS,PM,DRV_COM_WLK_BOARDS__PM
DRV_EXP_WLK_WAIT,skm_d6_Pk.mtx.omx,INITWAIT+XFERWAIT,PM,DRV_EXP_WLK_WAIT__PM
DRV_EXP_WLK_TOTIVT,skm_d6_Pk.mtx.omx,T6+DRIVETIME,PM,DRV_EXP_WLK_TOTIVT__PM
DRV_EXP_WLK_KEYIVT,skm_d6_Pk.mtx.omx,T6,PM,DRV_EXP_WLK_KEYIVT__PM
DRV_EXP_WLK_FAR,skm_d6_Pk.mtx.omx,XFARE,PM,DRV_EXP_WLK_FAR__PM
DRV_EXP_WLK_DTIM,skm_d6_Pk.mtx.omx,DRIVETIME,PM,DRV_EXP_WLK_DTIM__PM
DRV_EXP_WLK_WAUX,skm_d6_Pk.mtx.omx,DRIVEDIST,PM,DRV_EXP_WLK_WAUX__PM
DRV_EXP_WLK_IWAIT,skm_d6_Pk.mtx.omx,WALKTIME,PM,DRV_EXP_WLK_IWAIT__PM
DRV_EXP_WLK_XWAIT,skm_d6_Pk.mtx.omx,INITWAIT,PM,DRV_EXP_WLK_XWAIT__PM
DRV_EXP_WLK_BOARDS,skm_d6_Pk.mtx.omx,XFERWAIT,PM,DRV_EXP_WLK_BOARDS__PM
DRV_EXP_WLK_DDIST,skm_d6_Pk.mtx.omx,BOARDINGS,PM,DRV_EXP_WLK_DDIST__PM
DRV_HVY_WLK_WAIT,skm_d9_Pk.mtx.omx,INITWAIT+XFERWAIT,PM,DRV_HVY_WLK_WAIT__PM
DRV_HVY_WLK_TOTIVT,skm_d9_Pk.mtx.omx,T9+DRIVETIME,PM,DRV_HVY_WLK_TOTIVT__PM
DRV_HVY_WLK_KEYIVT,skm_d9_Pk.mtx.omx,T9,PM,DRV_HVY_WLK_KEYIVT__PM
DRV_HVY_WLK_FAR,skm_d9_Pk.mtx.omx,XFARE,PM,DRV_HVY_WLK_FAR__PM
DRV_HVY_WLK_DTIM,skm_d9_Pk.mtx.omx,DRIVETIME,PM,DRV_HVY_WLK_DTIM__PM
DRV_HVY_WLK_DDIST,skm_d9_Pk.mtx.omx,DRIVEDIST,PM,DRV_HVY_WLK_DDIST__PM
DRV_HVY_WLK_WAUX,skm_d9_Pk.mtx.omx,WALKTIME,PM,DRV_HVY_WLK_WAUX__PM
DRV_HVY_WLK_IWAIT,skm_d9_Pk.mtx.omx,INITWAIT,PM,DRV_HVY_WLK_IWAIT__PM
DRV_HVY_WLK_XWAIT,skm_d9_Pk.mtx.omx,XFERWAIT,PM,DRV_HVY_WLK_XWAIT__PM
DRV_HVY_WLK_BOARDS,skm_d9_Pk.mtx.omx,BOARDINGS,PM,DRV_HVY_WLK_BOARDS__PM
DRV_LOC_WLK_WAIT,skm_d4_Pk.mtx.omx,INITWAIT+XFERWAIT,PM,DRV_LOC_WLK_WAIT__PM
DRV_LOC_WLK_TOTIVT,skm_d4_Pk.mtx.omx,T4+DRIVETIME,PM,DRV_LOC_WLK_TOTIVT__PM
DRV_LOC_WLK_KEYIVT,skm_d4_Pk.mtx.omx,T4,PM,DRV_LOC_WLK_KEYIVT__PM
DRV_LOC_WLK_FAR,skm_d4_Pk.mtx.omx,XFARE,PM,DRV_LOC_WLK_FAR__PM
DRV_LOC_WLK_DTIM,skm_d4_Pk.mtx.omx,DRIVETIME,PM,DRV_LOC_WLK_DTIM__PM
DRV_LOC_WLK_DDIST,skm_d4_Pk.mtx.omx,DRIVEDIST,PM,DRV_LOC_WLK_DDIST__PM
DRV_LOC_WLK_WAUX,skm_d4_Pk.mtx.omx,WALKTIME,PM,DRV_LOC_WLK_WAUX__PM
DRV_LOC_WLK_IWAIT,skm_d4_Pk.mtx.omx,INITWAIT,PM,DRV_LOC_WLK_IWAIT__PM
DRV_LOC_WLK_XWAIT,skm_d4_Pk.mtx.omx,XFERWAIT,PM,DRV_LOC_WLK_XWAIT__PM
DRV_LOC_WLK_BOARDS,skm_d4_Pk.mtx.omx,BOARDINGS,PM,DRV_LOC_WLK_BOARDS__PM
DRV_LRF_WLK_WAIT,skm_d7_Pk.mtx.omx,INITWAIT+XFERWAIT,PM,DRV_LRF_WLK_WAIT__PM
DRV_LRF_WLK_TOTIVT,skm_d7_Pk.mtx.omx,T7+DRIVETIME,PM,DRV_LRF_WLK_TOTIVT__PM
DRV_LRF_WLK_KEYIVT,skm_d7_Pk.mtx.omx,T7,PM,DRV_LRF_WLK_KEYIVT__PM
DRV_LRF_WLK_FAR,skm_d7_Pk.mtx.omx,XFARE,PM,DRV_LRF_WLK_FAR__PM
DRV_LRF_WLK_DTIM,skm_d7_Pk.mtx.omx,DRIVETIME,PM,DRV_LRF_WLK_DTIM__PM
DRV_LRF_WLK_DDIST,skm_d7_Pk.mtx.omx,DRIVEDIST,PM,DRV_LRF_WLK_DDIST__PM
DRV_LRF_WLK_WAUX,skm_d7_Pk.mtx.omx,WALKTIME,PM,DRV_LRF_WLK_WAUX__PM
DRV_LRF_WLK_IWAIT,skm_d7_Pk.mtx.omx,INITWAIT,PM,DRV_LRF_WLK_IWAIT__PM
DRV_LRF_WLK_XWAIT,skm_d7_Pk.mtx.omx,XFERWAIT,PM,DRV_LRF_WLK_XWAIT__PM
DRV_LRF_WLK_BOARDS,skm_d7_Pk.mtx.omx,BOARDINGS,PM,DRV_LRF_WLK_BOARDS__PM
WLK_COM_DRV_WAIT,skm_d8_Pk.mtx.omx,INITWAIT+XFERWAIT,PM,WLK_COM_DRV_WAIT__PM
WLK_COM_DRV_TOTIVT,skm_d8_Pk.mtx.omx,T8+DRIVETIME,PM,WLK_COM_DRV_TOTIVT__PM
WLK_COM_DRV_KEYIVT,skm_d8_Pk.mtx.omx,T8,PM,WLK_COM_DRV_KEYIVT__PM
WLK_COM_DRV_FAR,skm_d8_Pk.mtx.omx,XFARE,PM,WLK_COM_DRV_FAR__PM
WLK_COM_DRV_DTIM,skm_d8_Pk.mtx.omx,DRIVETIME,PM,WLK_COM_DRV_DTIM__PM
WLK_COM_DRV_DDIST,skm_d8_Pk.mtx.omx,DRIVEDIST,PM,WLK_COM_DRV_DDIST__PM
WLK_COM_DRV_WAUX,skm_d8_Pk.mtx.omx,WALKTIME,PM,WLK_COM_DRV_WAUX__PM
WLK_COM_DRV_IWAIT,skm_d8_Pk.mtx.omx,INITWAIT,PM,WLK_COM_DRV_IWAIT__PM
WLK_COM_DRV_XWAIT,skm_d8_Pk.mtx.omx,XFERWAIT,PM,WLK_COM_DRV_XWAIT__PM
WLK_COM_DRV_BOARDS,skm_d8_Pk.mtx.omx,BOARDINGS,PM,WLK_COM_DRV_BOARDS__PM
WLK_COM_WLK_WAIT,skm_w8_Pk.mtx.omx,INITWAIT+XFERWAIT,PM,WLK_COM_WLK_WAIT__PM
WLK_COM_WLK_TOTIVT,skm_w8_Pk.mtx.omx,T8,PM,WLK_COM_WLK_TOTIVT__PM
WLK_COM_WLK_KEYIVT,skm_w8_Pk.mtx.omx,T8,PM,WLK_COM_WLK_KEYIVT__PM
WLK_COM_WLK_FAR,skm_w8_Pk.mtx.omx,XFARE,PM,WLK_COM_WLK_FAR__PM
WLK_COM_WLK_WAUX,skm_w8_Pk.mtx.omx,WALKTIME,PM,WLK_COM_WLK_WAUX__PM
WLK_COM_WLK_IWAIT,skm_w8_Pk.mtx.omx,INITWAIT,PM,WLK_COM_WLK_IWAIT__PM
WLK_COM_WLK_XWAIT,skm_w8_Pk.mtx.omx,XFERWAIT,PM,WLK_COM_WLK_XWAIT__PM
WLK_COM_WLK_BOARDS,skm_w8_Pk.mtx.omx,BOARDINGS,PM,WLK_COM_WLK_BOARDS__PM
WLK_EXP_DRV_WAIT,skm_d6_Pk.mtx.omx,INITWAIT+XFERWAIT,PM,WLK_EXP_DRV_WAIT__PM
WLK_EXP_DRV_TOTIVT,skm_d6_Pk.mtx.omx,T6+DRIVETIME,PM,WLK_EXP_DRV_TOTIVT__PM
WLK_EXP_DRV_KEYIVT,skm_d6_Pk.mtx.omx,T6,PM,WLK_EXP_DRV_KEYIVT__PM
WLK_EXP_DRV_FAR,skm_d6_Pk.mtx.omx,XFARE,PM,WLK_EXP_DRV_FAR__PM
WLK_EXP_DRV_DTIM,skm_d6_Pk.mtx.omx,DRIVETIME,PM,WLK_EXP_DRV_DTIM__PM
WLK_EXP_DRV_WAUX,skm_d6_Pk.mtx.omx,DRIVEDIST,PM,WLK_EXP_DRV_WAUX__PM
WLK_EXP_DRV_IWAIT,skm_d6_Pk.mtx.omx,WALKTIME,PM,WLK_EXP_DRV_IWAIT__PM
WLK_EXP_DRV_XWAIT,skm_d6_Pk.mtx.omx,INITWAIT,PM,WLK_EXP_DRV_XWAIT__PM
WLK_EXP_DRV_BOARDS,skm_d6_Pk.mtx.omx,XFERWAIT,PM,WLK_EXP_DRV_BOARDS__PM
WLK_EXP_DRV_DDIST,skm_d6_Pk.mtx.omx,BOARDINGS,PM,WLK_EXP_DRV_DDIST__PM
WLK_EXP_WLK_WAIT,skm_w6_Pk.mtx.omx,INITWAIT+XFERWAIT,PM,WLK_EXP_WLK_WAIT__PM
WLK_EXP_WLK_TOTIVT,skm_w6_Pk.mtx.omx,T6,PM,WLK_EXP_WLK_TOTIVT__PM
WLK_EXP_WLK_KEYIVT,skm_w6_Pk.mtx.omx,T6,PM,WLK_EXP_WLK_KEYIVT__PM
WLK_EXP_WLK_FAR,skm_w6_Pk.mtx.omx,XFARE,PM,WLK_EXP_WLK_FAR__PM
WLK_EXP_WLK_WAUX,skm_w6_Pk.mtx.omx,WALKTIME,PM,WLK_EXP_WLK_WAUX__PM
WLK_EXP_WLK_IWAIT,skm_w6_Pk.mtx.omx,INITWAIT,PM,WLK_EXP_WLK_IWAIT__PM
WLK_EXP_WLK_XWAIT,skm_w6_Pk.mtx.omx,XFERWAIT,PM,WLK_EXP_WLK_XWAIT__PM
WLK_EXP_WLK_BOARDS,skm_w6_Pk.mtx.omx,BOARDINGS,PM,WLK_EXP_WLK_BOARDS__PM
WLK_HVY_DRV_WAIT,skm_d9_Pk.mtx.omx,INITWAIT+XFERWAIT,PM,WLK_HVY_DRV_WAIT__PM
WLK_HVY_DRV_TOTIVT,skm_d9_Pk.mtx.omx,T9+DRIVETIME,PM,WLK_HVY_DRV_TOTIVT__PM
WLK_HVY_DRV_KEYIVT,skm_d9_Pk.mtx.omx,T9,PM,WLK_HVY_DRV_KEYIVT__PM
WLK_HVY_DRV_FAR,skm_d9_Pk.mtx.omx,XFARE,PM,WLK_HVY_DRV_FAR__PM
WLK_HVY_DRV_DTIM,skm_d9_Pk.mtx.omx,DRIVETIME,PM,WLK_HVY_DRV_DTIM__PM
WLK_HVY_DRV_DDIST,skm_d9_Pk.mtx.omx,DRIVEDIST,PM,WLK_HVY_DRV_DDIST__PM
WLK_HVY_DRV_WAUX,skm_d9_Pk.mtx.omx,WALKTIME,PM,WLK_HVY_DRV_WAUX__PM
WLK_HVY_DRV_IWAIT,skm_d9_Pk.mtx.omx,INITWAIT,PM,WLK_HVY_DRV_IWAIT__PM
WLK_HVY_DRV_XWAIT,skm_d9_Pk.mtx.omx,XFERWAIT,PM,WLK_HVY_DRV_XWAIT__PM
WLK_HVY_DRV_BOARDS,skm_d9_Pk.mtx.omx,BOARDINGS,PM,WLK_HVY_DRV_BOARDS__PM
WLK_HVY_WLK_WAIT,skm_w9_Pk.mtx.omx,INITWAIT+XFERWAIT,PM,WLK_HVY_WLK_WAIT__PM
WLK_HVY_WLK_TOTIVT,skm_w9_Pk.mtx.omx,T9,PM,WLK_HVY_WLK_TOTIVT__PM
WLK_HVY_WLK_KEYIVT,skm_w9_Pk.mtx.omx,T9,PM,WLK_HVY_WLK_KEYIVT__PM
WLK_HVY_WLK_FAR,skm_w9_Pk.mtx.omx,XFARE,PM,WLK_HVY_WLK_FAR__PM
WLK_HVY_WLK_WAUX,skm_w9_Pk.mtx.omx,WALKTIME,PM,WLK_HVY_WLK_WAUX__PM
WLK_HVY_WLK_IWAIT,skm_w9_Pk.mtx.omx,INITWAIT,PM,WLK_HVY_WLK_IWAIT__PM
WLK_HVY_WLK_XWAIT,skm_w9_Pk.mtx.omx,XFERWAIT,PM,WLK_HVY_WLK_XWAIT__PM
WLK_HVY_WLK_BOARDS,skm_w9_Pk.mtx.omx,BOARDINGS,PM,WLK_HVY_WLK_BOARDS__PM
WLK_LOC_DRV_WAIT,skm_d4_Pk.mtx.omx,INITWAIT+XFERWAIT,PM,WLK_LOC_DRV_WAIT__PM
WLK_LOC_DRV_TOTIVT,skm_d4_Pk.mtx.omx,T4+DRIVETIME,PM,WLK_LOC_DRV_TOTIVT__PM
WLK_LOC_DRV_KEYIVT,skm_d4_Pk.mtx.omx,T4,PM,WLK_LOC_DRV_KEYIVT__PM
WLK_LOC_DRV_FAR,skm_d4_Pk.mtx.omx,XFARE,PM,WLK_LOC_DRV_FAR__PM
WLK_LOC_DRV_DTIM,skm_d4_Pk.mtx.omx,DRIVETIME,PM,WLK_LOC_DRV_DTIM__PM
WLK_LOC_DRV_DDIST,skm_d4_Pk.mtx.omx,DRIVEDIST,PM,WLK_LOC_DRV_DDIST__PM
WLK_LOC_DRV_WAUX,skm_d4_Pk.mtx.omx,WALKTIME,PM,WLK_LOC_DRV_WAUX__PM
WLK_LOC_DRV_IWAIT,skm_d4_Pk.mtx.omx,INITWAIT,PM,WLK_LOC_DRV_IWAIT__PM
WLK_LOC_DRV_XWAIT,skm_d4_Pk.mtx.omx,XFERWAIT,PM,WLK_LOC_DRV_XWAIT__PM
WLK_LOC_DRV_BOARDS,skm_d4_Pk.mtx.omx,BOARDINGS,PM,WLK_LOC_DRV_BOARDS__PM
WLK_LOC_WLK_WAIT,skm_w4_Pk.mtx.omx,INITWAIT+XFERWAIT,PM,WLK_LOC_WLK_WAIT__PM
WLK_LOC_WLK_TOTIVT,skm_w4_Pk.mtx.omx,T4,PM,WLK_LOC_WLK_TOTIVT__PM
WLK_LOC_WLK_FAR,skm_w4_Pk.mtx.omx,T4,PM,WLK_LOC_WLK_FAR__PM
WLK_LOC_WLK_WAUX,skm_w4_Pk.mtx.omx,XFARE,PM,WLK_LOC_WLK_WAUX__PM
WLK_LOC_WLK_IWAIT,skm_w4_Pk.mtx.omx,WALKTIME,PM,WLK_LOC_WLK_IWAIT__PM
WLK_LOC_WLK_XWAIT,skm_w4_Pk.mtx.omx,INITWAIT,PM,WLK_LOC_WLK_XWAIT__PM
WLK_LOC_WLK_BOARDS,skm_w4_Pk.mtx.omx,XFERWAIT,PM,WLK_LOC_WLK_BOARDS__PM
WLK_LRF_DRV_WAIT,skm_d4_Pk.mtx.omx,BOARDINGS,PM,WLK_LRF_DRV_WAIT__PM
WLK_LRF_DRV_TOTIVT,skm_d7_Pk.mtx.omx,T7+DRIVETIME,PM,WLK_LRF_DRV_TOTIVT__PM
WLK_LRF_DRV_KEYIVT,skm_d7_Pk.mtx.omx,T7,PM,WLK_LRF_DRV_KEYIVT__PM
WLK_LRF_DRV_FAR,skm_d7_Pk.mtx.omx,XFARE,PM,WLK_LRF_DRV_FAR__PM
WLK_LRF_DRV_DTIM,skm_d7_Pk.mtx.omx,DRIVETIME,PM,WLK_LRF_DRV_DTIM__PM
WLK_LRF_DRV_DDIST,skm_d7_Pk.mtx.omx,DRIVEDIST,PM,WLK_LRF_DRV_DDIST__PM
WLK_LRF_DRV_WAUX,skm_d7_Pk.mtx.omx,WALKTIME,PM,WLK_LRF_DRV_WAUX__PM
WLK_LRF_DRV_IWAIT,skm_d7_Pk.mtx.omx,INITWAIT,PM,WLK_LRF_DRV_IWAIT__PM
WLK_LRF_DRV_XWAIT,skm_d7_Pk.mtx.omx,XFERWAIT,PM,WLK_LRF_DRV_XWAIT__PM
WLK_LRF_DRV_BOARDS,skm_d7_Pk.mtx.omx,BOARDINGS,PM,WLK_LRF_DRV_BOARDS__PM
WLK_LRF_WLK_WAIT,skm_w7_Pk.mtx.omx,INITWAIT+XFERWAIT,PM,WLK_LRF_WLK_WAIT__PM
WLK_LRF_WLK_TOTIVT,skm_w7_Pk.mtx.omx,T7,PM,WLK_LRF_WLK_TOTIVT__PM
WLK_LRF_WLK_KEYIVT,skm_w7_Pk.mtx.omx,T7,PM,WLK_LRF_WLK_KEYIVT__PM
WLK_LRF_WLK_FAR,skm_w7_Pk.mtx.omx,XFARE,PM,WLK_LRF_WLK_FAR__PM
WLK_LRF_WLK_WAUX,skm_w7_Pk.mtx.omx,WALKTIME,PM,WLK_LRF_WLK_WAUX__PM
WLK_LRF_WLK_IWAIT,skm_w7_Pk.mtx.omx,INITWAIT,PM,WLK_LRF_WLK_IWAIT__PM
WLK_LRF_WLK_XWAIT,skm_w7_Pk.mtx.omx,XFERWAIT,PM,WLK_LRF_WLK_XWAIT__PM
WLK_LRF_WLK_BOARDS,skm_w7_Pk.mtx.omx,BOARDINGS,PM,WLK_LRF_WLK_BOARDS__PM
